-- MySQL dump 10.13  Distrib 5.7.33, for Win64 (x86_64)
--
-- Host: localhost    Database: supermercadoalber
-- ------------------------------------------------------
-- Server version	5.7.33

/*!40101 SET @OLD_CHARACTER_SET_CLIENT=@@CHARACTER_SET_CLIENT */;
/*!40101 SET @OLD_CHARACTER_SET_RESULTS=@@CHARACTER_SET_RESULTS */;
/*!40101 SET @OLD_COLLATION_CONNECTION=@@COLLATION_CONNECTION */;
/*!40101 SET NAMES utf8 */;
/*!40103 SET @OLD_TIME_ZONE=@@TIME_ZONE */;
/*!40103 SET TIME_ZONE='+00:00' */;
/*!40014 SET @OLD_UNIQUE_CHECKS=@@UNIQUE_CHECKS, UNIQUE_CHECKS=0 */;
/*!40014 SET @OLD_FOREIGN_KEY_CHECKS=@@FOREIGN_KEY_CHECKS, FOREIGN_KEY_CHECKS=0 */;
/*!40101 SET @OLD_SQL_MODE=@@SQL_MODE, SQL_MODE='NO_AUTO_VALUE_ON_ZERO' */;
/*!40111 SET @OLD_SQL_NOTES=@@SQL_NOTES, SQL_NOTES=0 */;

--
-- Table structure for table `category`
--

DROP TABLE IF EXISTS `category`;
/*!40101 SET @saved_cs_client     = @@character_set_client */;
/*!40101 SET character_set_client = utf8 */;
CREATE TABLE `category` (
  `id` bigint(20) unsigned NOT NULL AUTO_INCREMENT,
  `category_name` varchar(255) COLLATE utf8mb4_unicode_ci NOT NULL,
  `created_at` timestamp NULL DEFAULT NULL,
  `updated_at` timestamp NULL DEFAULT NULL,
  PRIMARY KEY (`id`)
) ENGINE=InnoDB AUTO_INCREMENT=7 DEFAULT CHARSET=utf8mb4 COLLATE=utf8mb4_unicode_ci;
/*!40101 SET character_set_client = @saved_cs_client */;

--
-- Dumping data for table `category`
--

LOCK TABLES `category` WRITE;
/*!40000 ALTER TABLE `category` DISABLE KEYS */;
INSERT INTO `category` VALUES (1,'alimentacion','2021-10-01 11:15:39','2021-10-01 11:15:43'),(2,'carniceria','2021-10-01 11:36:17','2021-10-01 11:36:19'),(3,'Drogueria','2021-10-01 11:36:14','2021-10-01 11:36:16'),(4,'fruteria','2021-10-01 11:36:59','2021-10-01 11:37:01'),(5,'charcuteria','2021-10-01 11:37:29','2021-10-01 11:37:31'),(6,'panaderia','2021-10-01 11:38:32','2021-10-01 11:38:33');
/*!40000 ALTER TABLE `category` ENABLE KEYS */;
UNLOCK TABLES;

--
-- Table structure for table `failed_jobs`
--

DROP TABLE IF EXISTS `failed_jobs`;
/*!40101 SET @saved_cs_client     = @@character_set_client */;
/*!40101 SET character_set_client = utf8 */;
CREATE TABLE `failed_jobs` (
  `id` bigint(20) unsigned NOT NULL AUTO_INCREMENT,
  `uuid` varchar(255) COLLATE utf8mb4_unicode_ci NOT NULL,
  `connection` text COLLATE utf8mb4_unicode_ci NOT NULL,
  `queue` text COLLATE utf8mb4_unicode_ci NOT NULL,
  `payload` longtext COLLATE utf8mb4_unicode_ci NOT NULL,
  `exception` longtext COLLATE utf8mb4_unicode_ci NOT NULL,
  `failed_at` timestamp NOT NULL DEFAULT CURRENT_TIMESTAMP,
  PRIMARY KEY (`id`),
  UNIQUE KEY `failed_jobs_uuid_unique` (`uuid`)
) ENGINE=InnoDB DEFAULT CHARSET=utf8mb4 COLLATE=utf8mb4_unicode_ci;
/*!40101 SET character_set_client = @saved_cs_client */;

--
-- Dumping data for table `failed_jobs`
--

LOCK TABLES `failed_jobs` WRITE;
/*!40000 ALTER TABLE `failed_jobs` DISABLE KEYS */;
/*!40000 ALTER TABLE `failed_jobs` ENABLE KEYS */;
UNLOCK TABLES;

--
-- Table structure for table `migrations`
--

DROP TABLE IF EXISTS `migrations`;
/*!40101 SET @saved_cs_client     = @@character_set_client */;
/*!40101 SET character_set_client = utf8 */;
CREATE TABLE `migrations` (
  `id` int(10) unsigned NOT NULL AUTO_INCREMENT,
  `migration` varchar(255) COLLATE utf8mb4_unicode_ci NOT NULL,
  `batch` int(11) NOT NULL,
  PRIMARY KEY (`id`)
) ENGINE=InnoDB AUTO_INCREMENT=11 DEFAULT CHARSET=utf8mb4 COLLATE=utf8mb4_unicode_ci;
/*!40101 SET character_set_client = @saved_cs_client */;

--
-- Dumping data for table `migrations`
--

LOCK TABLES `migrations` WRITE;
/*!40000 ALTER TABLE `migrations` DISABLE KEYS */;
INSERT INTO `migrations` VALUES (1,'2014_10_12_000000_create_users_table',1),(2,'2014_10_12_100000_create_password_resets_table',1),(3,'2019_08_19_000000_create_failed_jobs_table',1),(4,'2019_12_14_000001_create_personal_access_tokens_table',1),(5,'2021_09_21_072057_create_orders_table',1),(6,'2021_09_21_072706_create_product_category_table',1),(7,'2021_09_21_072829_create_products_table',1),(8,'2021_09_21_072900_create_orders_products_table',1),(9,'2021_09_21_073001_create_offers_table',1),(10,'2021_09_21_113700_create_products_offer_table',1);
/*!40000 ALTER TABLE `migrations` ENABLE KEYS */;
UNLOCK TABLES;

--
-- Table structure for table `offers`
--

DROP TABLE IF EXISTS `offers`;
/*!40101 SET @saved_cs_client     = @@character_set_client */;
/*!40101 SET character_set_client = utf8 */;
CREATE TABLE `offers` (
  `id` bigint(20) unsigned NOT NULL AUTO_INCREMENT,
  `type_offer` varchar(255) COLLATE utf8mb4_unicode_ci NOT NULL,
  `name_offer` varchar(255) COLLATE utf8mb4_unicode_ci NOT NULL,
  `deadline` date NOT NULL,
  `created_at` timestamp NULL DEFAULT NULL,
  `updated_at` timestamp NULL DEFAULT NULL,
  PRIMARY KEY (`id`)
) ENGINE=InnoDB DEFAULT CHARSET=utf8mb4 COLLATE=utf8mb4_unicode_ci;
/*!40101 SET character_set_client = @saved_cs_client */;

--
-- Dumping data for table `offers`
--

LOCK TABLES `offers` WRITE;
/*!40000 ALTER TABLE `offers` DISABLE KEYS */;
/*!40000 ALTER TABLE `offers` ENABLE KEYS */;
UNLOCK TABLES;

--
-- Table structure for table `order_products`
--

DROP TABLE IF EXISTS `order_products`;
/*!40101 SET @saved_cs_client     = @@character_set_client */;
/*!40101 SET character_set_client = utf8 */;
CREATE TABLE `order_products` (
  `id` bigint(20) unsigned NOT NULL AUTO_INCREMENT,
  `order_id` bigint(20) unsigned NOT NULL,
  `product_id` bigint(20) unsigned NOT NULL,
  `description` varchar(255) COLLATE utf8mb4_unicode_ci NOT NULL,
  `quantity` int(11) NOT NULL,
  `created_at` timestamp NULL DEFAULT NULL,
  `updated_at` timestamp NULL DEFAULT NULL,
  PRIMARY KEY (`id`),
  KEY `order_products_order_id_foreign` (`order_id`),
  KEY `order_products_product_id_foreign` (`product_id`),
  CONSTRAINT `order_products_order_id_foreign` FOREIGN KEY (`order_id`) REFERENCES `orders` (`id`),
  CONSTRAINT `order_products_product_id_foreign` FOREIGN KEY (`product_id`) REFERENCES `products` (`id`)
) ENGINE=InnoDB DEFAULT CHARSET=utf8mb4 COLLATE=utf8mb4_unicode_ci;
/*!40101 SET character_set_client = @saved_cs_client */;

--
-- Dumping data for table `order_products`
--

LOCK TABLES `order_products` WRITE;
/*!40000 ALTER TABLE `order_products` DISABLE KEYS */;
/*!40000 ALTER TABLE `order_products` ENABLE KEYS */;
UNLOCK TABLES;

--
-- Table structure for table `orders`
--

DROP TABLE IF EXISTS `orders`;
/*!40101 SET @saved_cs_client     = @@character_set_client */;
/*!40101 SET character_set_client = utf8 */;
CREATE TABLE `orders` (
  `id` bigint(20) unsigned NOT NULL AUTO_INCREMENT,
  `id_user` bigint(20) unsigned NOT NULL,
  `description` varchar(255) COLLATE utf8mb4_unicode_ci NOT NULL,
  `status` varchar(255) COLLATE utf8mb4_unicode_ci NOT NULL,
  `total` int(11) NOT NULL,
  `created_at` timestamp NULL DEFAULT NULL,
  `updated_at` timestamp NULL DEFAULT NULL,
  PRIMARY KEY (`id`),
  KEY `orders_id_user_foreign` (`id_user`),
  CONSTRAINT `orders_id_user_foreign` FOREIGN KEY (`id_user`) REFERENCES `users` (`id`)
) ENGINE=InnoDB AUTO_INCREMENT=52 DEFAULT CHARSET=utf8mb4 COLLATE=utf8mb4_unicode_ci;
/*!40101 SET character_set_client = @saved_cs_client */;

--
-- Dumping data for table `orders`
--

LOCK TABLES `orders` WRITE;
/*!40000 ALTER TABLE `orders` DISABLE KEYS */;
INSERT INTO `orders` VALUES (1,2,'Fugiat ut blanditiis est voluptatem sit. Odit ducimus et perspiciatis nihil quia ea aut et. Nihil ab explicabo magnam qui. Ratione excepturi magni excepturi a eveniet.','Array',56,'2021-10-01 09:08:39','2021-10-01 09:08:39'),(2,53,'Laboriosam animi rerum dolor tempora repudiandae labore ut. Excepturi impedit odit similique. Officiis tempore est velit. Maiores ab pariatur in tempora ad officia.','Array',100,'2021-10-01 09:13:26','2021-10-01 09:13:26'),(3,54,'Rerum sint deserunt qui. Consequuntur eum in consectetur dolorum.','Array',190,'2021-10-01 09:13:26','2021-10-01 09:13:26'),(4,55,'Deleniti debitis aut architecto maxime sit aliquid sint minima. Eveniet sint repellat quia. Architecto ab possimus voluptate aliquid. Nemo praesentium praesentium impedit repellat.','Array',118,'2021-10-01 09:13:26','2021-10-01 09:13:26'),(5,56,'Officia et vero quod. Dolor hic aperiam expedita laborum facere. Illum non laboriosam numquam ut voluptatibus officiis. Quod omnis exercitationem fuga modi.','Array',46,'2021-10-01 09:13:26','2021-10-01 09:13:26'),(6,57,'Aspernatur iure unde dolorum. Libero dicta quia explicabo ut autem cum sed. Totam minima accusantium architecto autem vel explicabo. Nisi explicabo neque voluptate velit.','Array',18,'2021-10-01 09:13:26','2021-10-01 09:13:26'),(7,58,'Omnis atque in ab voluptatem occaecati et. Eos saepe illo dolorem in et. Et voluptatem et repellendus aperiam voluptatibus eius. Blanditiis voluptates sit fugiat quam.','Array',88,'2021-10-01 09:13:26','2021-10-01 09:13:26'),(8,59,'Possimus et eum ullam voluptas non quidem autem. Quos labore incidunt omnis alias cumque. Quidem aperiam omnis officia et.','Array',118,'2021-10-01 09:13:26','2021-10-01 09:13:26'),(9,60,'Distinctio suscipit doloribus et dolor qui voluptatibus. Fugit voluptate voluptatibus corrupti autem. Nisi aut recusandae totam incidunt sequi.','Array',181,'2021-10-01 09:13:26','2021-10-01 09:13:26'),(10,61,'Ut omnis reiciendis ipsa ipsa nam ipsum. Nemo minus exercitationem est quis aliquid esse. Cupiditate ullam id voluptatem.','Array',78,'2021-10-01 09:13:26','2021-10-01 09:13:26'),(11,62,'Voluptas in nisi itaque repellat voluptatem explicabo. Rerum voluptatem nulla quibusdam sit eum minima. Qui qui fugit autem esse non placeat rerum.','Array',160,'2021-10-01 09:13:26','2021-10-01 09:13:26'),(12,63,'Perspiciatis laborum eius velit doloribus animi. Voluptatem tenetur asperiores et consequatur. Voluptatum qui eum sit. Et quo et error. Nisi sunt quisquam harum ex id ex.','Array',19,'2021-10-01 09:13:26','2021-10-01 09:13:26'),(13,64,'Corrupti vero dolorem placeat ut. Sit sit ducimus aut soluta sit dolores voluptatum.','Array',191,'2021-10-01 09:13:26','2021-10-01 09:13:26'),(14,65,'Tempore praesentium sed dolores recusandae dolores et. Et aut dolorum consequatur id consectetur non. Dolores perspiciatis quaerat libero molestiae laborum omnis.','Array',62,'2021-10-01 09:13:26','2021-10-01 09:13:26'),(15,66,'Maxime sed sit culpa dolorem ab. Aut vitae ullam ab. Aut accusantium saepe eius impedit qui voluptatem. Quia est in temporibus atque voluptatum voluptatem.','Array',2,'2021-10-01 09:13:26','2021-10-01 09:13:26'),(16,67,'Facilis deserunt exercitationem dolores non. Quasi sit est quia. Distinctio et dolorem sequi commodi vitae.','Array',13,'2021-10-01 09:13:26','2021-10-01 09:13:26'),(17,68,'Deserunt necessitatibus id aut et. Voluptatem inventore fuga doloremque facilis dolorum et nulla architecto. Vel modi quidem aut et quam fuga ipsa qui. Est error ut vel modi ducimus.','Array',79,'2021-10-01 09:13:26','2021-10-01 09:13:26'),(18,69,'Est dolores et optio in. Quidem excepturi ut nemo commodi ex quo sed. Et et sunt ipsum voluptatem aut et. Impedit nesciunt culpa voluptatem beatae debitis sapiente.','Array',190,'2021-10-01 09:13:26','2021-10-01 09:13:26'),(19,70,'Aut ipsam maiores dolor voluptas dolorem eaque. Excepturi et ipsa veniam et voluptatem deserunt porro. Eos accusamus eligendi repudiandae.','Array',15,'2021-10-01 09:13:26','2021-10-01 09:13:26'),(20,71,'Ut qui sed esse placeat. Est provident rem tempora nesciunt et. Labore repellendus autem debitis velit mollitia aut est.','Array',4,'2021-10-01 09:13:26','2021-10-01 09:13:26'),(21,72,'Consequatur eveniet maxime quo consequatur assumenda aut sunt. Velit aliquid et officiis ab quia porro fugit. Maxime deserunt aut nulla tempore vitae.','Array',161,'2021-10-01 09:13:26','2021-10-01 09:13:26'),(22,73,'Quibusdam est a quis in illo sit. Accusantium voluptas deserunt temporibus optio quas vero veritatis quia. Et fugiat ut eos et ex.','Array',5,'2021-10-01 09:13:26','2021-10-01 09:13:26'),(23,74,'Eligendi omnis qui ratione rem ea fuga quod. Ut est architecto sequi quis aliquam ab vel. Dolor repellat eum minima labore et tempore. Aperiam nam cumque quas est voluptas voluptatibus.','Array',162,'2021-10-01 09:13:26','2021-10-01 09:13:26'),(24,75,'Molestiae ut adipisci dolorum eius minima. Voluptas possimus aut aperiam voluptatem expedita. Excepturi voluptatibus eum repellendus natus. Aliquid dolor aut qui.','Array',90,'2021-10-01 09:13:26','2021-10-01 09:13:26'),(25,76,'Tempora quaerat sit corrupti sunt recusandae minus aperiam maxime. Pariatur et rerum inventore aut. Sapiente sit assumenda dignissimos dolorem.','Array',99,'2021-10-01 09:13:26','2021-10-01 09:13:26'),(26,77,'Porro quos assumenda sed et. Aut vel molestiae veniam maxime. Consequatur occaecati est assumenda in molestiae rerum.','Array',93,'2021-10-01 09:13:26','2021-10-01 09:13:26'),(27,78,'Ea maiores est sed porro. Vitae cupiditate dolor eveniet ea assumenda soluta. Ut non inventore qui rem sequi. Quod dicta est molestiae quae unde.','Array',87,'2021-10-01 09:13:26','2021-10-01 09:13:26'),(28,79,'Ut sit sunt labore. Ad totam non deleniti quibusdam consequatur aut quas. Iste veritatis eum dolores quo. Nihil corporis est repellat.','Array',53,'2021-10-01 09:13:26','2021-10-01 09:13:26'),(29,80,'Est libero laboriosam fugit omnis ipsum. Blanditiis porro est illum voluptatem. Enim eum accusantium sed adipisci.','Array',199,'2021-10-01 09:13:26','2021-10-01 09:13:26'),(30,81,'Sed libero qui corporis itaque voluptas maxime iure assumenda. Quo voluptatem et et maiores sit aut et ut. Iusto dolores non iusto maiores vitae. Doloribus nulla beatae eum officia recusandae.','Array',168,'2021-10-01 09:13:26','2021-10-01 09:13:26'),(31,82,'Reprehenderit fuga quas laboriosam nulla ea omnis ut. Fuga est tenetur dolores praesentium voluptas qui.','Array',39,'2021-10-01 09:13:26','2021-10-01 09:13:26'),(32,83,'Velit eius aut neque laudantium nam reprehenderit. Labore facilis maxime vel veniam. Et occaecati est corporis porro dolores quia accusamus consequatur. Non maiores dolorem velit veniam.','Array',26,'2021-10-01 09:13:26','2021-10-01 09:13:26'),(33,84,'Sit aut cum consequatur ad dignissimos vel quia. Voluptatum voluptatem id ut rerum delectus repellat neque. Et eveniet aperiam vitae corporis maxime nulla.','Array',60,'2021-10-01 09:13:26','2021-10-01 09:13:26'),(34,85,'Voluptatibus ipsa eius exercitationem est dolor reiciendis. Soluta provident voluptas totam. Quis hic autem dolores explicabo qui sed eos quia. Omnis earum voluptatem doloremque neque.','Array',20,'2021-10-01 09:13:26','2021-10-01 09:13:26'),(35,86,'Ut ut ut voluptatem quia atque culpa. Alias assumenda ut voluptas facere eveniet incidunt vero. Nisi laudantium nulla fuga. Ut sunt adipisci ea iste temporibus quibusdam corporis ducimus.','Array',72,'2021-10-01 09:13:26','2021-10-01 09:13:26'),(36,87,'Rem et sunt veniam ea voluptas et. Eum et et sint iusto. Laborum quos quasi in.','Array',110,'2021-10-01 09:13:26','2021-10-01 09:13:26'),(37,88,'Accusamus placeat fuga repellendus. Error sunt consequatur fugit voluptas fuga officia. Qui consectetur id recusandae porro. Consectetur ut nisi minus recusandae et soluta.','Array',70,'2021-10-01 09:13:26','2021-10-01 09:13:26'),(38,89,'Corrupti ratione cumque accusantium ipsa. Alias deleniti consequuntur assumenda officia et. Incidunt et iure quam voluptas. Error ducimus fugit iure enim autem.','Array',34,'2021-10-01 09:13:26','2021-10-01 09:13:26'),(39,90,'Vel ad nisi veritatis quasi. Culpa suscipit vero autem porro et. Itaque quidem sequi mollitia accusantium sit sit. Qui tempore reprehenderit dolor cum aspernatur esse enim repudiandae.','Array',61,'2021-10-01 09:13:26','2021-10-01 09:13:26'),(40,91,'Possimus tempore culpa distinctio est et. Maxime velit at ea nisi repellendus officiis voluptas. Libero adipisci sit praesentium non voluptas eum. Voluptas voluptas id ducimus provident.','Array',123,'2021-10-01 09:13:26','2021-10-01 09:13:26'),(41,92,'Deleniti necessitatibus inventore modi quia rerum culpa magni. Possimus veritatis accusamus qui excepturi voluptatem. Vel quis provident recusandae quia harum voluptatem occaecati.','Array',14,'2021-10-01 09:13:26','2021-10-01 09:13:26'),(42,93,'Accusantium sunt dignissimos ut laudantium enim. Necessitatibus quisquam beatae ut nemo pariatur corporis. Et quod accusamus perferendis.','Array',1,'2021-10-01 09:13:26','2021-10-01 09:13:26'),(43,94,'Vel cum deserunt fuga similique provident. Aut vel consequatur aliquid harum. Sit sit itaque fuga distinctio impedit voluptate consequatur. Nesciunt dolorem dicta expedita magnam.','Array',180,'2021-10-01 09:13:26','2021-10-01 09:13:26'),(44,95,'Ut et fuga illum eos. Rem voluptas quia et dolore reiciendis. Dolores sint nihil dicta id.','Array',15,'2021-10-01 09:13:26','2021-10-01 09:13:26'),(45,96,'Qui sit repellat aspernatur sequi vitae qui quo. A quia temporibus omnis aliquid nisi. Impedit eius at maxime ut quia et qui.','Array',140,'2021-10-01 09:13:26','2021-10-01 09:13:26'),(46,97,'Ratione aut animi repellat voluptas. Repellat quisquam id mollitia tenetur. Quis maiores et soluta blanditiis autem soluta illo. Natus sed alias quo exercitationem dolorum excepturi.','Array',155,'2021-10-01 09:13:26','2021-10-01 09:13:26'),(47,98,'Molestiae suscipit amet et commodi neque. Eum consequatur aliquid sequi ea. Quos quas dignissimos nam aut odit. Quasi voluptatibus quia consequatur quasi ex. Sint labore ut aut veritatis culpa.','Array',173,'2021-10-01 09:13:26','2021-10-01 09:13:26'),(48,99,'Repellendus est doloremque iste. Autem labore aspernatur amet enim officiis voluptatem et. Reprehenderit cupiditate a libero et quae.','Array',185,'2021-10-01 09:13:26','2021-10-01 09:13:26'),(49,100,'Cupiditate velit qui voluptas. Officia ea sed blanditiis magni nihil facere. Reiciendis laboriosam est id odit et. Rerum ea rerum aliquam dolorem illo dicta architecto.','Array',173,'2021-10-01 09:13:26','2021-10-01 09:13:26'),(50,101,'Magnam est officiis sunt aut eaque animi odit. Error vero quaerat asperiores ipsum.','Array',183,'2021-10-01 09:13:26','2021-10-01 09:13:26'),(51,102,'Doloremque est et architecto. Sed perferendis soluta et dolorem et et rerum nihil.','Array',187,'2021-10-01 09:13:26','2021-10-01 09:13:26');
/*!40000 ALTER TABLE `orders` ENABLE KEYS */;
UNLOCK TABLES;

--
-- Table structure for table `password_resets`
--

DROP TABLE IF EXISTS `password_resets`;
/*!40101 SET @saved_cs_client     = @@character_set_client */;
/*!40101 SET character_set_client = utf8 */;
CREATE TABLE `password_resets` (
  `email` varchar(255) COLLATE utf8mb4_unicode_ci NOT NULL,
  `token` varchar(255) COLLATE utf8mb4_unicode_ci NOT NULL,
  `created_at` timestamp NULL DEFAULT NULL,
  KEY `password_resets_email_index` (`email`)
) ENGINE=InnoDB DEFAULT CHARSET=utf8mb4 COLLATE=utf8mb4_unicode_ci;
/*!40101 SET character_set_client = @saved_cs_client */;

--
-- Dumping data for table `password_resets`
--

LOCK TABLES `password_resets` WRITE;
/*!40000 ALTER TABLE `password_resets` DISABLE KEYS */;
/*!40000 ALTER TABLE `password_resets` ENABLE KEYS */;
UNLOCK TABLES;

--
-- Table structure for table `personal_access_tokens`
--

DROP TABLE IF EXISTS `personal_access_tokens`;
/*!40101 SET @saved_cs_client     = @@character_set_client */;
/*!40101 SET character_set_client = utf8 */;
CREATE TABLE `personal_access_tokens` (
  `id` bigint(20) unsigned NOT NULL AUTO_INCREMENT,
  `tokenable_type` varchar(255) COLLATE utf8mb4_unicode_ci NOT NULL,
  `tokenable_id` bigint(20) unsigned NOT NULL,
  `name` varchar(255) COLLATE utf8mb4_unicode_ci NOT NULL,
  `token` varchar(64) COLLATE utf8mb4_unicode_ci NOT NULL,
  `abilities` text COLLATE utf8mb4_unicode_ci,
  `last_used_at` timestamp NULL DEFAULT NULL,
  `created_at` timestamp NULL DEFAULT NULL,
  `updated_at` timestamp NULL DEFAULT NULL,
  PRIMARY KEY (`id`),
  UNIQUE KEY `personal_access_tokens_token_unique` (`token`),
  KEY `personal_access_tokens_tokenable_type_tokenable_id_index` (`tokenable_type`,`tokenable_id`)
) ENGINE=InnoDB DEFAULT CHARSET=utf8mb4 COLLATE=utf8mb4_unicode_ci;
/*!40101 SET character_set_client = @saved_cs_client */;

--
-- Dumping data for table `personal_access_tokens`
--

LOCK TABLES `personal_access_tokens` WRITE;
/*!40000 ALTER TABLE `personal_access_tokens` DISABLE KEYS */;
/*!40000 ALTER TABLE `personal_access_tokens` ENABLE KEYS */;
UNLOCK TABLES;

--
-- Table structure for table `products`
--

DROP TABLE IF EXISTS `products`;
/*!40101 SET @saved_cs_client     = @@character_set_client */;
/*!40101 SET character_set_client = utf8 */;
CREATE TABLE `products` (
  `id` bigint(20) unsigned NOT NULL AUTO_INCREMENT,
  `code` int(11) NOT NULL,
  `name` varchar(255) COLLATE utf8mb4_unicode_ci NOT NULL,
  `price` decimal(8,2) NOT NULL,
  `weight` int(11) NOT NULL,
  `description` varchar(255) COLLATE utf8mb4_unicode_ci NOT NULL,
  `image` blob NOT NULL,
  `id_category` bigint(20) unsigned NOT NULL,
  `stock` int(11) NOT NULL,
  `created_at` timestamp NULL DEFAULT NULL,
  `updated_at` timestamp NULL DEFAULT NULL,
  PRIMARY KEY (`id`),
  KEY `products_id_category_foreign` (`id_category`),
  CONSTRAINT `products_id_category_foreign` FOREIGN KEY (`id_category`) REFERENCES `category` (`id`)
) ENGINE=InnoDB AUTO_INCREMENT=168 DEFAULT CHARSET=utf8mb4 COLLATE=utf8mb4_unicode_ci;
/*!40101 SET character_set_client = @saved_cs_client */;

--
-- Dumping data for table `products`
--

LOCK TABLES `products` WRITE;
/*!40000 ALTER TABLE `products` DISABLE KEYS */;
INSERT INTO `products` VALUES (2,7586,'Delmer Herzog',42.10,3233,'Aut occaecati velit ullam nulla provident incidunt. Quos odio fugit dolorem vero perspiciatis. Repudiandae voluptatum aut tenetur libero a reprehenderit.',_binary 'C:\\laragon\\www\\ProyectoSupermercadoApiLaravel\\d4120f834c6e6383f3e2e61ac06d1483.png',1,47,'2021-10-01 09:16:20','2021-10-01 09:16:20'),(3,6575,'Mrs. Phyllis Hickle',17.41,631,'Qui reprehenderit dolores non enim excepturi optio maiores. Iste maxime expedita omnis hic. Fugiat nisi facilis doloribus necessitatibus in. Sed occaecati ut incidunt.',_binary 'C:\\laragon\\www\\ProyectoSupermercadoApiLaravel\\f24c5ae1efd9cbb0dd28313d753b09b8.png',1,45,'2021-10-01 09:18:14','2021-10-01 09:18:14'),(4,8697,'Dr. Matt Jacobson IV',0.25,2442,'Esse ratione voluptates repellendus aut dignissimos cupiditate. Ut quasi odit sapiente mollitia deserunt qui. Doloribus omnis deleniti optio sit at quia placeat.',_binary 'C:\\laragon\\www\\ProyectoSupermercadoApiLaravel\\0259ac823975ec2297958ba583ae7ac0.png',1,71,'2021-10-01 09:26:46','2021-10-01 09:26:46'),(5,9408,'Dr. Kane Schneider PhD',12.77,153,'Labore dolores architecto non facilis rerum et beatae. Qui at porro sapiente officiis. Provident tenetur dolorem nemo excepturi. Illo animi sit ea iste corrupti.',_binary 'C:\\laragon\\www\\ProyectoSupermercadoApiLaravel\\4a3ece352dfe939f131ddcc6577bb3bb.png',1,15,'2021-10-01 09:26:46','2021-10-01 09:26:46'),(6,9568,'Antonia Treutel',10.56,4012,'Tempore repudiandae distinctio quos rem ullam ut ab minus. Velit sed sed voluptatem autem animi. Veritatis porro voluptate et laborum. Sapiente iusto dolores praesentium est ab et accusantium.',_binary 'C:\\laragon\\www\\ProyectoSupermercadoApiLaravel\\df6ea6209c9296450e7019119a9a4552.png',1,81,'2021-10-01 09:26:46','2021-10-01 09:26:46'),(7,9832,'Mr. Richmond Gorczany IV',5.52,3572,'Voluptatem excepturi et nemo est temporibus facilis dolores. Quos hic voluptatibus eius dicta et. Nesciunt et culpa aut nostrum harum vitae.',_binary 'C:\\laragon\\www\\ProyectoSupermercadoApiLaravel\\fc5d63244572f051dfc21bfb941c22a5.png',1,39,'2021-10-01 09:26:46','2021-10-01 09:26:46'),(8,4333,'Janelle Davis',7.63,1566,'Ut corporis incidunt sapiente sed. Magnam qui dolores sed sed voluptas.',_binary 'C:\\laragon\\www\\ProyectoSupermercadoApiLaravel\\4f12d1a9ccb10ebabe59a53f865506ae.png',1,52,'2021-10-01 09:26:46','2021-10-01 09:26:46'),(9,6999,'Grant Sipes II',21.91,4359,'Ipsum blanditiis ipsa facere vel quis vitae omnis. Non eligendi recusandae ut dolorum laudantium quia. Accusantium modi dolores qui repellendus dolore.',_binary 'C:\\laragon\\www\\ProyectoSupermercadoApiLaravel\\a87c6fec0b1b567359ca25390344f500.png',1,98,'2021-10-01 09:26:46','2021-10-01 09:26:46'),(10,2107,'Kaia Conn DVM',17.65,2160,'Perspiciatis veritatis aliquid enim illo. Hic aspernatur fugit accusamus ipsum cum accusamus.',_binary 'C:\\laragon\\www\\ProyectoSupermercadoApiLaravel\\0881dd89be8b7a348284005cf6f1a86a.png',1,23,'2021-10-01 09:26:46','2021-10-01 09:26:46'),(11,1654,'Myrtie Daugherty',21.32,2116,'Incidunt dolorum beatae autem sed tempore id ea. Incidunt aut et enim officiis. Dolor modi eum est. Repellat illo aspernatur accusamus aut ut quae incidunt.',_binary 'C:\\laragon\\www\\ProyectoSupermercadoApiLaravel\\3be35ed78111734f0c82510d4b225728.png',1,27,'2021-10-01 09:26:46','2021-10-01 09:26:46'),(12,7247,'Jay Bogisich',14.91,7475,'Sapiente cum commodi libero sapiente quaerat beatae. Mollitia voluptatibus tempore hic quaerat. Quis culpa officiis sequi consequatur earum odio enim.',_binary 'C:\\laragon\\www\\ProyectoSupermercadoApiLaravel\\b8087f93276687755dc0518ec5f3ef80.png',1,30,'2021-10-01 09:26:46','2021-10-01 09:26:46'),(13,2863,'Devan Botsford',46.07,5294,'Deleniti odio rerum libero aut nemo. Velit ex ab consequatur tenetur.',_binary 'C:\\laragon\\www\\ProyectoSupermercadoApiLaravel\\e39978000ed870ece5c3119652e8ce5c.png',1,32,'2021-10-01 09:26:46','2021-10-01 09:26:46'),(14,8962,'Khalid Kovacek',15.01,6392,'Corporis nisi est quia ipsam. Consequatur quia tenetur recusandae ut fugit reiciendis.',_binary 'C:\\laragon\\www\\ProyectoSupermercadoApiLaravel\\47132fa31750d75e5c4d50427bc28180.png',1,57,'2021-10-01 09:26:46','2021-10-01 09:26:46'),(15,1069,'Lolita D\'Amore',28.80,735,'Unde fugiat dolores modi commodi id qui. Distinctio sint aut laborum quos. Temporibus temporibus ut qui vero. Voluptatem sunt est laborum aut.',_binary 'C:\\laragon\\www\\ProyectoSupermercadoApiLaravel\\792e3ed2dc52e76274bb243398fca79a.png',1,60,'2021-10-01 09:26:46','2021-10-01 09:26:46'),(16,5425,'Natasha Ullrich',26.78,7966,'Incidunt eius sunt perspiciatis possimus veniam. Culpa dolores dicta maiores voluptas eius sunt.',_binary 'C:\\laragon\\www\\ProyectoSupermercadoApiLaravel\\9d0800a9aeff3e7739012067bc3abbbc.png',1,34,'2021-10-01 09:26:46','2021-10-01 09:26:46'),(17,9774,'Rosemarie D\'Amore',34.40,1661,'Quod saepe ut eligendi cupiditate. Reprehenderit provident perspiciatis commodi numquam ratione quo. Quia cupiditate sed et laudantium temporibus.',_binary 'C:\\laragon\\www\\ProyectoSupermercadoApiLaravel\\9bf9c10342b70de28626e74d06435a5e.png',1,71,'2021-10-01 09:26:46','2021-10-01 09:26:46'),(18,8735,'Berenice Lemke',7.90,1686,'Quasi earum deserunt nam alias. Provident accusamus doloribus odio id nihil non. Sit rerum corrupti iure deserunt. Earum autem reprehenderit velit id veritatis in.',_binary 'C:\\laragon\\www\\ProyectoSupermercadoApiLaravel\\e9b0ff171d28e39a91d67e66193f8322.png',1,71,'2021-10-01 09:26:46','2021-10-01 09:26:46'),(19,7500,'Laverna Parker',40.24,7402,'Repellendus facere excepturi labore dicta maiores. Commodi voluptas expedita est quidem. Similique natus quia atque ad sint consequuntur qui omnis.',_binary 'C:\\laragon\\www\\ProyectoSupermercadoApiLaravel\\e2821e05556bb6b43a2c90228362f94f.png',1,38,'2021-10-01 09:26:46','2021-10-01 09:26:46'),(54,2183,'Prof. Cleve Macejkovic',36.86,7310,'Harum nam qui aut quae nobis. Officia blanditiis qui sit autem. Nostrum repellat aut facilis.',_binary 'C:\\laragon\\www\\ProyectoSupermercadoApiLaravel\\28fa6b158122ca39f8049fade3b6f613.png',2,52,'2021-10-01 09:47:06','2021-10-01 09:47:06'),(55,1615,'Daniela Feest IV',10.89,395,'Voluptas et ullam est voluptas illum a. Et eius ab dolore architecto. Excepturi repellat iste optio id aliquam recusandae pariatur.',_binary 'C:\\laragon\\www\\ProyectoSupermercadoApiLaravel\\fe3e8f1d19302395190fa08302de864a.png',2,47,'2021-10-01 09:47:06','2021-10-01 09:47:06'),(56,5820,'Dr. Felton Johns',19.59,259,'Adipisci aut aut et tempore nesciunt veritatis itaque. Eos quia ipsum quo impedit deleniti et vel placeat. Assumenda aut tempore quis dolorum ex ut nemo. Illum dolorem sunt sint magni.',_binary 'C:\\laragon\\www\\ProyectoSupermercadoApiLaravel\\2a40ddadc95fb395f7e005b34b42732c.png',2,59,'2021-10-01 09:47:06','2021-10-01 09:47:06'),(57,6011,'Mr. Bertram Kub Sr.',27.37,6714,'Iste qui fuga corporis. Iusto enim temporibus facilis aut eveniet quis non. Et et non a et vero. Cum molestiae quisquam similique quis sunt.',_binary 'C:\\laragon\\www\\ProyectoSupermercadoApiLaravel\\3a9dd5fdda5fd398ca9402846cc49727.png',2,98,'2021-10-01 09:47:06','2021-10-01 09:47:06'),(58,5178,'Dr. Rowland Gutkowski',39.20,6331,'Et expedita porro error quos sit nemo maxime. Incidunt nemo quia non maxime nulla. Placeat sit aliquid minima culpa sit molestiae. Praesentium possimus ipsum blanditiis blanditiis sit.',_binary 'C:\\laragon\\www\\ProyectoSupermercadoApiLaravel\\873b0613404f340ce1236ad26aba0eb7.png',2,49,'2021-10-01 09:47:06','2021-10-01 09:47:06'),(59,6282,'Ariane Harber',10.59,7318,'Nobis facere maxime voluptatibus neque quos earum dolorem. Ratione et et totam quis et aut voluptatem.',_binary 'C:\\laragon\\www\\ProyectoSupermercadoApiLaravel\\7681091da07d09ee6b04de8ed73088bb.png',2,9,'2021-10-01 09:47:06','2021-10-01 09:47:06'),(60,5215,'Pamela Wiza',11.57,3706,'Nesciunt harum voluptatibus mollitia iure cum quo. Sint sit porro quis molestias exercitationem nisi ut dolorem. Officiis magnam nisi ipsa dolorem odit. Quisquam ut molestiae culpa.',_binary 'C:\\laragon\\www\\ProyectoSupermercadoApiLaravel\\b04738decc0fa612c06e2ffd0066125d.png',2,88,'2021-10-01 09:47:06','2021-10-01 09:47:06'),(61,4900,'Viola Weissnat',42.71,6061,'Alias aut ut fugit voluptas. Sed harum officia quibusdam explicabo iste voluptatem. Voluptatibus et sint incidunt. Eum id voluptas repudiandae tenetur.',_binary 'C:\\laragon\\www\\ProyectoSupermercadoApiLaravel\\d2770f7e638a30295d3052326de76593.png',2,30,'2021-10-01 09:47:06','2021-10-01 09:47:06'),(62,9350,'Prof. Kristoffer Connelly Sr.',24.09,2631,'Dolor excepturi eos sint. Voluptas sit rerum reiciendis ut saepe. Fugiat voluptatem esse officia facilis qui pariatur rerum.',_binary 'C:\\laragon\\www\\ProyectoSupermercadoApiLaravel\\2f42c6c5bb5f41dc014db5250604bcee.png',2,37,'2021-10-01 09:47:06','2021-10-01 09:47:06'),(63,7127,'Icie Rempel',41.61,1850,'Veniam sapiente fuga ut optio harum esse excepturi. Enim quibusdam sed molestiae nulla. Voluptatem reprehenderit iure omnis qui quia nihil voluptatum.',_binary 'C:\\laragon\\www\\ProyectoSupermercadoApiLaravel\\b7f59e88d87141138fe43fa38270fc01.png',2,39,'2021-10-01 09:47:06','2021-10-01 09:47:06'),(64,1491,'Orland Erdman DVM',15.02,6231,'Ea consequatur distinctio quae facere non. Quaerat ut hic aperiam aperiam. Assumenda maxime cupiditate cupiditate aliquid est molestias possimus.',_binary 'C:\\laragon\\www\\ProyectoSupermercadoApiLaravel\\2e0d6152c374ab0ce46ddf291b91a1c6.png',2,92,'2021-10-01 09:47:06','2021-10-01 09:47:06'),(65,9253,'Rahsaan Lockman',17.89,1465,'Dolor qui rem atque sint perferendis. Dolores voluptatem et dicta dolorem. Quod ipsam unde qui delectus ipsum quas.',_binary 'C:\\laragon\\www\\ProyectoSupermercadoApiLaravel\\f211d0116d482e48e443de3f8f0a49de.png',2,50,'2021-10-01 09:47:06','2021-10-01 09:47:06'),(66,6865,'Prof. Jamal Pfeffer',48.33,6538,'Asperiores soluta quia ipsum quas ratione. Rerum voluptatem aliquam in. Ea cum eveniet voluptatem ab. Cupiditate non aut ducimus. Et et corrupti quasi eos vel.',_binary 'C:\\laragon\\www\\ProyectoSupermercadoApiLaravel\\ca13f97a895a474d26d3e6bea554001a.png',2,95,'2021-10-01 09:47:06','2021-10-01 09:47:06'),(67,8077,'Elias Dooley',36.10,4240,'Assumenda et voluptatibus voluptatum dolor. Ipsa molestiae consequatur cum ex. Nesciunt et accusantium accusamus vel eos et. Repellendus ut ullam ad id.',_binary 'C:\\laragon\\www\\ProyectoSupermercadoApiLaravel\\2a37b9ecd6888d8f901906a2bf506e5a.png',2,81,'2021-10-01 09:47:06','2021-10-01 09:47:06'),(68,9214,'Monroe Walter',30.67,2606,'Et voluptates in optio impedit qui totam. Sed cumque quis omnis quis doloribus error mollitia velit. Exercitationem et quis numquam autem. Officiis incidunt laudantium laborum.',_binary 'C:\\laragon\\www\\ProyectoSupermercadoApiLaravel\\840632cb4e0b5bf1b4148eb1269854ae.png',2,77,'2021-10-01 09:47:06','2021-10-01 09:47:06'),(69,3620,'Dr. Helmer Dare',22.66,4933,'Sapiente voluptatibus laudantium modi in aut corporis. Nam rem in qui tempore cupiditate dignissimos. Et aut enim quibusdam corporis ut sapiente.',_binary 'C:\\laragon\\www\\ProyectoSupermercadoApiLaravel\\fbe9ed1b2deb95d88b5e48b58affe2f3.png',2,100,'2021-10-01 09:47:06','2021-10-01 09:47:06'),(70,2744,'Mitchel Wolff V',5.27,1111,'Sunt quaerat fugiat iure aperiam adipisci inventore dolore. Ullam exercitationem laudantium a sunt doloribus aut. Earum doloribus fugit qui deserunt est maxime.',_binary 'C:\\laragon\\www\\ProyectoSupermercadoApiLaravel\\0f4532eff78793df40aa8c728bd8ba66.png',2,84,'2021-10-01 09:47:06','2021-10-01 09:47:06'),(71,3233,'Ms. Nelle Tremblay I',23.86,7308,'Molestias quia quasi quae ut. Et dolorem laboriosam laborum ut in deserunt autem. At officia quam eum tempore dolorum consequatur enim sunt. Enim in soluta facere est quibusdam et dolorem voluptas.',_binary 'C:\\laragon\\www\\ProyectoSupermercadoApiLaravel\\83c18f6be67e6b581e4411f66cc75a0b.png',2,74,'2021-10-01 09:47:06','2021-10-01 09:47:06'),(72,7176,'Danielle Swaniawski',42.73,6137,'Ex at perferendis sed sit qui aut dolorum. Sequi et sit laborum. Est qui consequatur recusandae velit molestias non.',_binary 'C:\\laragon\\www\\ProyectoSupermercadoApiLaravel\\e08a1b0500bdbfa2d2e4c163909d66bf.png',2,54,'2021-10-01 09:47:06','2021-10-01 09:47:06'),(73,6005,'America Olson',45.35,7536,'Et non eius vel enim veritatis repellendus quis. Quisquam libero est qui odio laborum eligendi explicabo sed. Rem consectetur odio dolorum veritatis.',_binary 'C:\\laragon\\www\\ProyectoSupermercadoApiLaravel\\dd955a2396a74e62e549c64fa9fd88ba.png',2,42,'2021-10-01 09:48:24','2021-10-01 09:48:24'),(74,5271,'Dr. Milan Christiansen Jr.',4.81,1301,'Sit eum non aperiam est alias. Qui deleniti accusamus ad sit sed id. Corrupti sequi et eius minima optio mollitia. Asperiores tempora alias accusantium alias.',_binary 'C:\\laragon\\www\\ProyectoSupermercadoApiLaravel\\d52b2b88b969da3bc235afe471a7033a.png',2,21,'2021-10-01 09:48:24','2021-10-01 09:48:24'),(75,5305,'Iva Orn',49.88,5527,'Aut atque magni laboriosam animi dolore numquam. Ipsa ut qui quam quidem consequatur accusamus. Odio corrupti rerum porro. Corporis voluptas velit aspernatur.',_binary 'C:\\laragon\\www\\ProyectoSupermercadoApiLaravel\\7a336a4e0dcf9d163a1ad819b4c7dd20.png',2,7,'2021-10-01 09:48:24','2021-10-01 09:48:24'),(76,4516,'Jaylen Hahn',37.28,5567,'Illum quas ipsam qui minima beatae quod ut. Hic ut id saepe dolor quisquam enim. Quod laudantium amet officiis molestiae deserunt. Nihil qui et et id et aut suscipit a.',_binary 'C:\\laragon\\www\\ProyectoSupermercadoApiLaravel\\bc3bf75a598e3fe3c3739a9f5156629f.png',2,93,'2021-10-01 09:48:24','2021-10-01 09:48:24'),(77,2192,'Dr. Marjory Ankunding I',10.77,1040,'Ad harum dicta ullam quia eligendi voluptate. Esse et natus aut quis. Rerum eveniet nostrum nobis corrupti incidunt qui asperiores. Saepe dolores reiciendis et error et rerum culpa.',_binary 'C:\\laragon\\www\\ProyectoSupermercadoApiLaravel\\81f2a09b8e4f404dc204f7ee42c65f20.png',2,16,'2021-10-01 09:48:24','2021-10-01 09:48:24'),(78,1888,'Mr. Foster Greenfelder',43.39,4366,'Illum eum adipisci error quod animi ea. Dolorem harum aperiam ex optio aut. Porro nisi est perferendis quo vero illum.',_binary 'C:\\laragon\\www\\ProyectoSupermercadoApiLaravel\\68bd1790339743358cbf9eceba3afdef.png',2,9,'2021-10-01 09:48:24','2021-10-01 09:48:24'),(79,8363,'Mr. Colten Veum',15.26,6115,'Velit sint illo et animi fuga ipsa excepturi perferendis. Itaque corporis dignissimos voluptate magnam ad non et. Deleniti fugiat sed sed est pariatur nostrum sunt.',_binary 'C:\\laragon\\www\\ProyectoSupermercadoApiLaravel\\d2de392109151e8fc0aec0324c796872.png',2,64,'2021-10-01 09:48:24','2021-10-01 09:48:24'),(80,1894,'Autumn Blanda',42.72,7593,'Deleniti et omnis id. Esse saepe ipsam vero a corrupti. Et rerum est commodi adipisci quo repellendus et.',_binary 'C:\\laragon\\www\\ProyectoSupermercadoApiLaravel\\4d21c32552dc689e044f088cd98960ab.png',2,40,'2021-10-01 09:48:24','2021-10-01 09:48:24'),(81,9076,'Ms. Sallie Reynolds V',6.36,7862,'Sapiente vero corporis laboriosam. Aut enim nobis earum.',_binary 'C:\\laragon\\www\\ProyectoSupermercadoApiLaravel\\da94377db274a665915dc9e4c2ff01e2.png',2,12,'2021-10-01 09:48:24','2021-10-01 09:48:24'),(82,5547,'Velva Blanda',26.45,452,'Dolor in eligendi deserunt libero soluta quis. Harum rerum repudiandae amet est. Ut eum nihil sunt modi.',_binary 'C:\\laragon\\www\\ProyectoSupermercadoApiLaravel\\116e2d04800305235dab203fb336aa9f.png',2,9,'2021-10-01 09:48:24','2021-10-01 09:48:24'),(83,6314,'Prof. Lavern Douglas',22.71,192,'Et et perspiciatis fugit et eius. Culpa modi iste officia voluptas. Iusto labore iste vel quasi non voluptas aliquam eius. Iusto exercitationem reiciendis excepturi ut deleniti et fuga.',_binary 'C:\\laragon\\www\\ProyectoSupermercadoApiLaravel\\c1b146eedf38ca4a540a5518e0996172.png',2,95,'2021-10-01 09:48:24','2021-10-01 09:48:24'),(84,6135,'Marian Stoltenberg',12.81,1354,'Facilis rem aut tempore ratione dolorem id et. Occaecati sunt molestiae illo laboriosam corporis qui. Eum magnam ut exercitationem ex quidem eum. Neque magnam consequatur et fugiat.',_binary 'C:\\laragon\\www\\ProyectoSupermercadoApiLaravel\\1ace71940f8a78264316d1f5fad29a4a.png',2,36,'2021-10-01 09:48:24','2021-10-01 09:48:24'),(85,4693,'Rebeka Kemmer',1.27,5494,'Aut aliquid incidunt esse deserunt nihil id in quia. Voluptatem dolor aut eum recusandae. Quo eius numquam rerum quo.',_binary 'C:\\laragon\\www\\ProyectoSupermercadoApiLaravel\\f5bade960536fb214c5b8516f4c5aef1.png',2,92,'2021-10-01 09:48:24','2021-10-01 09:48:24'),(86,8974,'Ms. Cydney Runolfsson',2.00,5576,'Asperiores perferendis enim laborum a. Enim doloribus molestias optio. Ut dolores libero ea et ea. Voluptatum dolorem architecto sed nulla animi.',_binary 'C:\\laragon\\www\\ProyectoSupermercadoApiLaravel\\cae9af4be4e3514e9d9d18deb20cfca0.png',2,70,'2021-10-01 09:48:24','2021-10-01 09:48:24'),(87,4769,'Marcos Rau',33.20,2497,'Labore velit saepe voluptatibus dolorem minima hic. Quo cum dolores modi quos. Quas sint hic voluptatum sunt.',_binary 'C:\\laragon\\www\\ProyectoSupermercadoApiLaravel\\a29158633cf3b92d66388167e5f1e3f8.png',2,67,'2021-10-01 09:48:24','2021-10-01 09:48:24'),(88,7896,'Kamryn Armstrong MD',41.39,835,'Sunt at aspernatur ipsum provident. Modi accusantium sequi cumque autem. Dolore adipisci ab aperiam laudantium labore est tenetur.',_binary 'C:\\laragon\\www\\ProyectoSupermercadoApiLaravel\\6f6a66e1097d81f559b5fde09fcdc0ee.png',2,90,'2021-10-01 09:48:24','2021-10-01 09:48:24'),(89,1849,'Prof. Everette Rosenbaum',42.89,435,'Voluptatum saepe quasi non libero corrupti officiis. Ipsa excepturi doloremque voluptas veniam. Placeat accusamus ut omnis quis ut praesentium.',_binary 'C:\\laragon\\www\\ProyectoSupermercadoApiLaravel\\33edb0454033a16d00264c42a070e0fe.png',2,87,'2021-10-01 09:48:24','2021-10-01 09:48:24'),(90,7617,'Issac Bednar',45.34,3504,'Molestiae nostrum porro est fugiat voluptate. Fugit ipsam id modi blanditiis mollitia ea non. Facilis harum mollitia maxime cumque aut. Laborum qui cum repellat ex qui id et.',_binary 'C:\\laragon\\www\\ProyectoSupermercadoApiLaravel\\b24967a4e8c58f54e31f8509ab9ff186.png',2,88,'2021-10-01 09:48:24','2021-10-01 09:48:24'),(91,6238,'Dena Reichel',10.79,2190,'Eum reprehenderit voluptatem est voluptatem velit. Est omnis impedit ut et eos. Qui officia natus qui nostrum et magnam. Occaecati harum occaecati quae ut explicabo itaque quidem.',_binary 'C:\\laragon\\www\\ProyectoSupermercadoApiLaravel\\0931b48c1ebb8341dcb656704abc83dd.png',2,0,'2021-10-01 09:48:24','2021-10-01 09:48:24'),(92,1864,'Leonel Paucek',42.92,1207,'Doloribus ad voluptatem est. Natus deserunt eum aut quod. Sit autem qui nisi ea modi nisi neque.',_binary 'C:\\laragon\\www\\ProyectoSupermercadoApiLaravel\\f02ca46e82eff2bb57bb797b4b3f09ce.png',4,90,'2021-10-01 09:51:26','2021-10-01 09:51:26'),(93,5018,'Cleora Jakubowski',39.50,7260,'Autem laborum aut quia sint saepe quos. Tempore laudantium rerum quo eius possimus aut. Maxime vero a maiores tempora corporis asperiores.',_binary 'C:\\laragon\\www\\ProyectoSupermercadoApiLaravel\\c2ec45edf0b398613f0815da41a4a2b9.png',4,44,'2021-10-01 09:51:26','2021-10-01 09:51:26'),(94,8288,'Mr. Consuelo Schultz Sr.',21.31,6391,'Id voluptatem et atque et quo nostrum. In commodi adipisci quidem voluptate. Esse totam nostrum impedit est qui rem perspiciatis. Quam iure temporibus sed omnis.',_binary 'C:\\laragon\\www\\ProyectoSupermercadoApiLaravel\\5de9aa61862d33eaa4d2a909c6badbd0.png',4,91,'2021-10-01 09:51:26','2021-10-01 09:51:26'),(95,9283,'Mrs. Nikita Koch',41.45,4789,'Ullam quibusdam ut vero sint. Itaque non explicabo optio qui velit totam et. Et inventore expedita voluptas dolorem. Autem consectetur doloremque mollitia consequuntur et est aliquid.',_binary 'C:\\laragon\\www\\ProyectoSupermercadoApiLaravel\\26e4b388239cf493d2de97b33708b993.png',4,73,'2021-10-01 09:51:26','2021-10-01 09:51:26'),(96,2310,'Lurline Bernier',15.86,2332,'Et aut libero et ipsa. Sed sunt et esse quas et iste perferendis vitae. Omnis qui quis rerum adipisci omnis. Velit ad ex voluptas et sapiente ut id. Dolores id id eum qui voluptas repellendus.',_binary 'C:\\laragon\\www\\ProyectoSupermercadoApiLaravel\\4431038b6edd2096bac7935527cc65c2.png',4,39,'2021-10-01 09:51:26','2021-10-01 09:51:26'),(97,5365,'Prof. Casper Parker',32.44,7672,'Incidunt repellendus ut praesentium quia voluptatem. Laboriosam enim totam impedit fugiat assumenda ad. Expedita a suscipit ea saepe possimus inventore itaque.',_binary 'C:\\laragon\\www\\ProyectoSupermercadoApiLaravel\\270804c89fdced04e2f90aed0487e400.png',4,22,'2021-10-01 09:51:26','2021-10-01 09:51:26'),(98,6250,'Prof. Myra Sauer V',18.49,3957,'Eius magni cum incidunt saepe id iusto necessitatibus optio. Quis dolore et cumque odit aliquid. Saepe quis nihil maxime id voluptatem aut.',_binary 'C:\\laragon\\www\\ProyectoSupermercadoApiLaravel\\0f2b9e8bdabc13f4aff16db62f0fe566.png',4,22,'2021-10-01 09:51:26','2021-10-01 09:51:26'),(99,7248,'Van Ratke',21.13,3629,'Animi ad fuga ea pariatur maxime est ducimus. Laudantium architecto et itaque illum. Saepe autem non qui voluptatum. Quia error perferendis saepe quae.',_binary 'C:\\laragon\\www\\ProyectoSupermercadoApiLaravel\\f1b8c64f120f6c997f4baed8c5ce90dc.png',4,55,'2021-10-01 09:51:26','2021-10-01 09:51:26'),(100,8326,'Kellen Nienow',41.43,7552,'Voluptas ipsam ducimus aut et. Ratione ipsam aspernatur quia fugiat veniam voluptatem. Quis sit adipisci id quae laborum officia.',_binary 'C:\\laragon\\www\\ProyectoSupermercadoApiLaravel\\cbc0e0c7b37fa5a609bc05a261573ad3.png',4,59,'2021-10-01 09:51:26','2021-10-01 09:51:26'),(101,8914,'Joesph Murphy III',41.88,1799,'Nemo qui ab facere est quo cumque distinctio. Perferendis neque velit nemo praesentium explicabo. Eum natus error architecto sit ipsa qui.',_binary 'C:\\laragon\\www\\ProyectoSupermercadoApiLaravel\\ccab7cb4186a38bdefbe753615aa78f0.png',4,0,'2021-10-01 09:51:26','2021-10-01 09:51:26'),(102,2760,'Keagan Daugherty',9.39,4333,'In officiis eum voluptate dolorum ut. Enim sed vitae ut laboriosam. Corrupti et et placeat et provident dolorem qui.',_binary 'C:\\laragon\\www\\ProyectoSupermercadoApiLaravel\\d057433fe2971a8226f93de4070c7333.png',4,84,'2021-10-01 09:51:26','2021-10-01 09:51:26'),(103,7643,'Barbara Adams',24.55,2476,'Itaque est porro deleniti sed. Nihil debitis voluptatem debitis accusamus dolores. Voluptatibus sed et in dolor adipisci facere aut. Autem est nemo ut recusandae sed tempora.',_binary 'C:\\laragon\\www\\ProyectoSupermercadoApiLaravel\\9d8039090122ecfd1f9fc4a1f1535b39.png',4,81,'2021-10-01 09:51:26','2021-10-01 09:51:26'),(104,4589,'Prof. Alberta Block',34.65,1496,'Nulla sunt ipsum laudantium laborum sunt modi et. Reiciendis cum dolores nam. Iure et accusamus minus dolor quisquam.',_binary 'C:\\laragon\\www\\ProyectoSupermercadoApiLaravel\\74f09eb7370fe08e3c20461b16e830f9.png',4,48,'2021-10-01 09:51:26','2021-10-01 09:51:26'),(105,1340,'Alfonso Boyer',36.04,1060,'Earum modi nam mollitia ipsum neque doloribus suscipit. Alias quas nulla ut omnis et ipsam qui. Earum fuga suscipit placeat dolor totam aspernatur.',_binary 'C:\\laragon\\www\\ProyectoSupermercadoApiLaravel\\e99a0ae72016ccaf3276ac77b9bafdba.png',4,12,'2021-10-01 09:51:26','2021-10-01 09:51:26'),(106,6278,'Prof. Maida Moen Sr.',4.14,1951,'Odio qui molestias molestiae pariatur dolorum voluptas voluptatem. Recusandae neque non voluptatem. Aspernatur voluptatem consequatur aperiam qui.',_binary 'C:\\laragon\\www\\ProyectoSupermercadoApiLaravel\\891c1cea353938d942bd1895b9085cf3.png',4,58,'2021-10-01 09:51:26','2021-10-01 09:51:26'),(107,9540,'Mrs. Margaret Daniel I',7.68,5022,'Ex quasi alias optio consectetur et. Est necessitatibus dolore doloribus dicta vero. Explicabo reprehenderit assumenda ducimus omnis. Culpa sed iure velit explicabo.',_binary 'C:\\laragon\\www\\ProyectoSupermercadoApiLaravel\\e22b34abca012e8ebbbedcde6cac77be.png',4,13,'2021-10-01 09:51:26','2021-10-01 09:51:26'),(108,6818,'Zoie Reilly',38.12,2488,'Atque et saepe consequatur. Et exercitationem ipsum autem ratione. Accusamus dignissimos exercitationem a enim magni. Ut pariatur expedita autem labore ducimus fugiat.',_binary 'C:\\laragon\\www\\ProyectoSupermercadoApiLaravel\\6dc1deef3be312d4765e3306d76d055d.png',4,43,'2021-10-01 09:51:26','2021-10-01 09:51:26'),(109,3250,'Walter Hill',18.48,1455,'Sunt doloribus dolorem unde sint cum. Sint assumenda delectus dolore sint optio in nemo. Repellat velit a explicabo sit repellat sint. Autem ut rerum eum sed ex excepturi eos.',_binary 'C:\\laragon\\www\\ProyectoSupermercadoApiLaravel\\e0210f22659acf9cf7bf57f4aa7cd8aa.png',4,52,'2021-10-01 09:51:26','2021-10-01 09:51:26'),(110,4429,'Dr. Gordon Erdman',27.09,2307,'Est modi non voluptatibus at. Minus qui blanditiis provident alias rerum. Repudiandae et consequuntur harum consequatur reiciendis sit nostrum. Sint iure fugiat incidunt.',_binary 'C:\\laragon\\www\\ProyectoSupermercadoApiLaravel\\9732c78687b5cede6d81740fab945d6c.png',4,50,'2021-10-01 09:51:26','2021-10-01 09:51:26'),(111,3901,'Shaina Schmidt V',25.52,7171,'Aut minima commodi voluptas ut non. Consectetur eius voluptatem voluptates. Quos atque nulla sed recusandae odio dolore consequatur.',_binary 'C:\\laragon\\www\\ProyectoSupermercadoApiLaravel\\68c4af61d4e3b5c434abafc93f0bf3d0.png',3,8,'2021-10-01 09:53:04','2021-10-01 09:53:04'),(112,6739,'Jessika Abbott',17.13,5624,'Unde eos impedit et eos labore. Debitis earum vel voluptas recusandae neque eveniet et. Deserunt at ullam minima.',_binary 'C:\\laragon\\www\\ProyectoSupermercadoApiLaravel\\95c989b17091fa4ffcb4a6935c28c1b9.png',3,52,'2021-10-01 09:53:04','2021-10-01 09:53:04'),(113,6073,'Dr. Neva Schroeder III',15.02,846,'Ut dolorem ut eos et. Omnis beatae et consequatur nobis fuga ipsum exercitationem. Cupiditate et voluptas cumque beatae.',_binary 'C:\\laragon\\www\\ProyectoSupermercadoApiLaravel\\ff9e7b37bb3171117b799e1fda72da6e.png',3,14,'2021-10-01 09:53:04','2021-10-01 09:53:04'),(114,6815,'Dr. Shanny Feeney IV',7.30,6039,'Sed cupiditate non ullam nam eveniet quis. Et qui voluptatem accusamus dolore facilis amet. Voluptas rem et et qui. Ut aut vitae voluptas quisquam velit deserunt illo.',_binary 'C:\\laragon\\www\\ProyectoSupermercadoApiLaravel\\e16c80cba5ed255d0f917ebb44a07eaf.png',3,6,'2021-10-01 09:53:04','2021-10-01 09:53:04'),(115,5813,'Dr. Davonte Wisoky',5.04,5011,'Quidem expedita est debitis nihil nisi. Ducimus incidunt optio numquam cupiditate corrupti et labore. Sequi corrupti voluptas reprehenderit quis aut autem.',_binary 'C:\\laragon\\www\\ProyectoSupermercadoApiLaravel\\068b0d10eb351563a8349edcf017a2f8.png',3,94,'2021-10-01 09:53:04','2021-10-01 09:53:04'),(116,6722,'Bart Kertzmann',39.96,1632,'Nisi voluptas doloremque iusto omnis. Facilis saepe maiores provident voluptatum iure nesciunt. Sed quasi minima praesentium ut veniam voluptas. Laborum unde quos enim porro.',_binary 'C:\\laragon\\www\\ProyectoSupermercadoApiLaravel\\37fdb6bc5ecd1d3683d57ba4b0e1f7a0.png',3,34,'2021-10-01 09:53:04','2021-10-01 09:53:04'),(117,7608,'Jan Feil',22.44,1220,'Atque numquam aut earum ex est quisquam vitae. Asperiores qui nulla numquam facilis. Minima nihil temporibus ullam molestias minus error.',_binary 'C:\\laragon\\www\\ProyectoSupermercadoApiLaravel\\3e101cfc9f36dbeb6173aafacb571526.png',3,83,'2021-10-01 09:53:04','2021-10-01 09:53:04'),(118,1468,'Emely Friesen',44.25,6264,'Veniam facilis et quam vero et. Ea mollitia esse velit adipisci explicabo. Et sapiente assumenda et. Soluta dolores voluptate quia pariatur deleniti consequatur.',_binary 'C:\\laragon\\www\\ProyectoSupermercadoApiLaravel\\25c0d8d332236ba83b626fca348f4be0.png',3,45,'2021-10-01 09:53:04','2021-10-01 09:53:04'),(119,8394,'Boyd Heller',39.64,7602,'Voluptatem consequatur minima consectetur atque explicabo architecto. Numquam voluptatem doloremque inventore. Iusto soluta labore aperiam quod quia quia laborum nobis.',_binary 'C:\\laragon\\www\\ProyectoSupermercadoApiLaravel\\2cfa7c99e909b23730ca421d99e89753.png',3,30,'2021-10-01 09:53:04','2021-10-01 09:53:04'),(120,5734,'Austin Hagenes PhD',22.74,91,'Id debitis modi explicabo similique molestias. Minus exercitationem omnis non expedita. Laboriosam totam aut quia voluptate doloremque.',_binary 'C:\\laragon\\www\\ProyectoSupermercadoApiLaravel\\5addb887a2eb1484de4124026aeb1dfa.png',3,99,'2021-10-01 09:53:04','2021-10-01 09:53:04'),(121,2557,'Dr. Barney Halvorson V',39.45,2227,'Velit ut ex voluptates qui quos. Laboriosam ut voluptatem consectetur. Asperiores harum eos ducimus quaerat aut reprehenderit.',_binary 'C:\\laragon\\www\\ProyectoSupermercadoApiLaravel\\46cdbdc754c253c7b5754086ea3242bf.png',3,0,'2021-10-01 09:53:04','2021-10-01 09:53:04'),(122,5966,'Margarett Miller',38.58,3542,'Odio qui delectus sed amet quia saepe quos. Ad odio quod vel ex. Eveniet nemo necessitatibus maiores illum est. Adipisci incidunt atque odit vero.',_binary 'C:\\laragon\\www\\ProyectoSupermercadoApiLaravel\\17a110f01499986397587d47959f460c.png',3,12,'2021-10-01 09:53:04','2021-10-01 09:53:04'),(123,7105,'Veda Rosenbaum',45.87,4592,'Voluptatem rerum reprehenderit quos sunt. Quidem quia fugit et facere id distinctio. Odio quos minus dolorem et optio quibusdam dolore sunt.',_binary 'C:\\laragon\\www\\ProyectoSupermercadoApiLaravel\\2cf0db62be0fd7f2cf316cdc4033e3f4.png',3,76,'2021-10-01 09:53:04','2021-10-01 09:53:04'),(124,2468,'Elda Gottlieb',17.46,7243,'Optio vitae molestias at sed. Nulla minima maxime ea culpa. Molestiae et nostrum delectus non est praesentium.',_binary 'C:\\laragon\\www\\ProyectoSupermercadoApiLaravel\\e260b0e5cf46524226fa3424e341737b.png',3,70,'2021-10-01 09:53:04','2021-10-01 09:53:04'),(125,6269,'Augusta Kutch',9.01,7806,'Debitis corrupti nemo consequatur necessitatibus rerum asperiores dolor. Voluptatem est omnis ut dolorem officiis asperiores. Inventore perferendis nihil enim.',_binary 'C:\\laragon\\www\\ProyectoSupermercadoApiLaravel\\f441f1f37299989b7c4af714c428de22.png',3,79,'2021-10-01 09:53:04','2021-10-01 09:53:04'),(126,2182,'Lottie Bashirian Sr.',34.54,5817,'Animi velit similique odio et sit. Odio voluptatem nobis molestiae vel tenetur. Officiis quia atque ea.',_binary 'C:\\laragon\\www\\ProyectoSupermercadoApiLaravel\\4180428bb85589a4568cb28e778b0231.png',3,77,'2021-10-01 09:53:04','2021-10-01 09:53:04'),(127,9440,'Era Donnelly',17.24,4823,'Quis porro sunt accusantium quaerat provident perspiciatis illum. Laboriosam dolores aut officia ut omnis. Fugiat eum aut et perspiciatis voluptas ut. Nemo ad ut labore vel quia.',_binary 'C:\\laragon\\www\\ProyectoSupermercadoApiLaravel\\a5e0e3cae2c7ed6a57c3e14102551adc.png',3,36,'2021-10-01 09:53:04','2021-10-01 09:53:04'),(128,2167,'Asia Von MD',37.93,7645,'Ad laudantium et quia earum. Quo ad quis eos occaecati eaque fuga. Facilis autem veritatis unde laborum incidunt error. Repellendus laboriosam fuga id laudantium.',_binary 'C:\\laragon\\www\\ProyectoSupermercadoApiLaravel\\6241e27ad35656ef61d42a8e118ef350.png',3,34,'2021-10-01 09:53:04','2021-10-01 09:53:04'),(129,2690,'Mr. Brant Goodwin',11.15,350,'Dolores nam aliquam ab nam eveniet velit quia sint. Autem non non cumque dolorem voluptatem et. Laudantium maiores id sed aliquam qui.',_binary 'C:\\laragon\\www\\ProyectoSupermercadoApiLaravel\\9010f55756844fb376f3f0c60a4f4c73.png',3,79,'2021-10-01 09:53:04','2021-10-01 09:53:04'),(130,4442,'Alta Kreiger',40.57,5552,'Iste iure porro beatae officia voluptate aut. Quod non nihil dolorem a numquam. Ut eos corrupti animi aperiam.',_binary 'C:\\laragon\\www\\ProyectoSupermercadoApiLaravel\\d4da9a33121db20714ea436ba8523237.png',5,90,'2021-10-01 09:54:36','2021-10-01 09:54:36'),(131,2481,'Raul Roob',45.89,5898,'Reiciendis ut repellendus sint qui fugiat iste perspiciatis. Qui dolor sed quo aspernatur dolore. Vel et et vel et. Quas aperiam nesciunt aperiam sint et explicabo.',_binary 'C:\\laragon\\www\\ProyectoSupermercadoApiLaravel\\5cc525f9ba08bd4cde80421065481f02.png',5,77,'2021-10-01 09:54:36','2021-10-01 09:54:36'),(132,7452,'Miss Karen Spinka Sr.',5.56,1400,'Omnis rem occaecati praesentium sint cumque non pariatur. Itaque debitis ducimus rerum sit. Possimus voluptas ut quae voluptas ut quae itaque. Delectus distinctio quidem quasi sunt.',_binary 'C:\\laragon\\www\\ProyectoSupermercadoApiLaravel\\41d5f8223e9ff98401d66346aa162baf.png',5,74,'2021-10-01 09:54:36','2021-10-01 09:54:36'),(133,4774,'Ms. Linda Ruecker',33.14,3514,'Sit a ipsa accusantium nihil enim sit quaerat. Placeat dolorem cumque qui aut rerum dolores libero. Porro eveniet suscipit non esse corrupti.',_binary 'C:\\laragon\\www\\ProyectoSupermercadoApiLaravel\\4b9d544db10867cd6173694c1d64e694.png',5,79,'2021-10-01 09:54:36','2021-10-01 09:54:36'),(134,4731,'Eli Schimmel V',8.10,67,'Repellendus accusamus quia amet quod. Qui rerum sed dolorem non. Cum ut quos dolor non aut molestiae est. Explicabo omnis et quisquam aut voluptate.',_binary 'C:\\laragon\\www\\ProyectoSupermercadoApiLaravel\\2bba9628808d6d79b4931e6841191844.png',5,96,'2021-10-01 09:54:36','2021-10-01 09:54:36'),(135,1764,'Zula O\'Conner',0.69,2747,'Tempore aspernatur eveniet et sunt neque quia. Et eum voluptas voluptatem neque. Ad dignissimos tempore animi saepe delectus. Est deleniti in aliquam ipsam quod voluptatem excepturi ut.',_binary 'C:\\laragon\\www\\ProyectoSupermercadoApiLaravel\\34e4d47fe99f0701cef6b070f3084fb5.png',5,88,'2021-10-01 09:54:36','2021-10-01 09:54:36'),(136,5730,'Elena Bruen',35.93,2437,'Quam quo libero et nisi. Voluptatem inventore unde natus doloribus cumque perspiciatis. Temporibus dolores necessitatibus et dicta laborum molestias.',_binary 'C:\\laragon\\www\\ProyectoSupermercadoApiLaravel\\465faf185cb31872245b41e06467f37d.png',5,22,'2021-10-01 09:54:36','2021-10-01 09:54:36'),(137,2712,'Kamille West II',38.46,6660,'Rerum enim nesciunt cumque praesentium. Hic laudantium expedita voluptates modi. Odit molestiae pariatur earum optio sed fugit.',_binary 'C:\\laragon\\www\\ProyectoSupermercadoApiLaravel\\0434dcec7331de4f571069b2988fc23f.png',5,36,'2021-10-01 09:54:36','2021-10-01 09:54:36'),(138,4199,'Milton Krajcik III',34.47,748,'Natus similique est recusandae nisi iure illo. Voluptatem repellat ut autem nobis quos. Et repudiandae consequuntur est corrupti.',_binary 'C:\\laragon\\www\\ProyectoSupermercadoApiLaravel\\9f7510ae43ecfb4bff383b59c4da1907.png',5,27,'2021-10-01 09:54:36','2021-10-01 09:54:36'),(139,5130,'Margarita Wilkinson',27.16,7329,'Exercitationem autem nobis sunt aut tenetur nostrum. Et cupiditate sit illum dolorem aliquid. Molestiae fuga nemo aliquid in voluptatum a tenetur. Enim officia officiis odit.',_binary 'C:\\laragon\\www\\ProyectoSupermercadoApiLaravel\\7acb6dc092846fd329e0034022f5535d.png',5,34,'2021-10-01 09:54:36','2021-10-01 09:54:36'),(140,6397,'Dudley Adams',13.91,3643,'Quae vel in accusantium expedita. Quae quia quaerat perspiciatis similique est a.',_binary 'C:\\laragon\\www\\ProyectoSupermercadoApiLaravel\\27ba40f113c326436d8c595ab2ac626a.png',5,91,'2021-10-01 09:54:36','2021-10-01 09:54:36'),(141,9373,'Miss Augustine Blanda',19.14,6483,'Temporibus ratione accusamus reprehenderit. Delectus numquam ea necessitatibus molestias nostrum excepturi quo. Quasi odio delectus ipsa sunt sequi. Et non et qui itaque consequatur.',_binary 'C:\\laragon\\www\\ProyectoSupermercadoApiLaravel\\df91530a497ab2947e57bb3030627f26.png',5,53,'2021-10-01 09:54:36','2021-10-01 09:54:36'),(142,1358,'Georgiana O\'Connell',20.57,2957,'Dolorem aperiam ut voluptatem nisi rerum nihil sapiente tempora. Aut blanditiis itaque qui atque sint impedit beatae. Saepe dolores excepturi voluptas enim velit.',_binary 'C:\\laragon\\www\\ProyectoSupermercadoApiLaravel\\fc912f8de59df02feb9ae4ba07b95789.png',5,21,'2021-10-01 09:54:36','2021-10-01 09:54:36'),(143,1148,'Robin Cruickshank',29.27,5597,'Est deserunt minima necessitatibus consequatur. Fuga vero aut excepturi repellat. Exercitationem voluptas iusto quasi vero sit.',_binary 'C:\\laragon\\www\\ProyectoSupermercadoApiLaravel\\09d90fae024ba9143e5cc4de14a3dd47.png',5,23,'2021-10-01 09:54:36','2021-10-01 09:54:36'),(144,9951,'Dakota Schulist',25.57,7163,'Qui quia itaque consequatur culpa odio. Dolor alias totam quasi voluptates et. Ipsum quis officia quos et omnis temporibus aut.',_binary 'C:\\laragon\\www\\ProyectoSupermercadoApiLaravel\\c628a4948453298e6b4c409a3f34df67.png',5,39,'2021-10-01 09:54:36','2021-10-01 09:54:36'),(145,1343,'Miss Gabrielle Torp MD',15.28,1013,'Qui sapiente rerum similique dicta doloribus commodi sed. Perspiciatis soluta unde debitis odit laboriosam quidem.',_binary 'C:\\laragon\\www\\ProyectoSupermercadoApiLaravel\\0b916fb8324752407621ec923aefd1b2.png',5,59,'2021-10-01 09:54:36','2021-10-01 09:54:36'),(146,6572,'Oran Boyle',9.46,3791,'Veritatis blanditiis qui libero ut. Voluptatibus non ut et ex sint quae id. Ut sit et autem praesentium minus. Quia quis dolorem sit assumenda.',_binary 'C:\\laragon\\www\\ProyectoSupermercadoApiLaravel\\f02d0ca6e716fa347831d6a228efc810.png',5,94,'2021-10-01 09:54:36','2021-10-01 09:54:36'),(147,6565,'Manuel Carter',23.07,4079,'Qui sed vero maxime eius itaque repellat. Maxime sed quos expedita modi numquam. Qui et ipsam est maxime sequi reprehenderit.',_binary 'C:\\laragon\\www\\ProyectoSupermercadoApiLaravel\\4e9cf4a7b4ba060b7aa0e87a3a26c3ba.png',5,19,'2021-10-01 09:54:36','2021-10-01 09:54:36'),(148,4832,'Nathanial Kutch',43.31,5519,'Quam repellat omnis eius quibusdam exercitationem. Dolores voluptates nulla maiores et vel officia ipsam. Delectus ab et rem rem cum aperiam cum. Quis nesciunt dolorem placeat ut totam.',_binary 'C:\\laragon\\www\\ProyectoSupermercadoApiLaravel\\5cd716fc6377b9e4e8edd71727f1fcb9.png',5,97,'2021-10-01 09:54:36','2021-10-01 09:54:36'),(149,5582,'Alaina Hoppe II',8.63,6438,'Consectetur impedit nihil et quo. Animi non quia veniam voluptatem. Dolore molestias quia deleniti qui officia rerum. Nesciunt est ut nihil accusamus fuga laudantium iure.',_binary 'C:\\laragon\\www\\ProyectoSupermercadoApiLaravel\\0f0ba4b04618d3a7a678e9740dbe7b10.png',6,100,'2021-10-01 09:55:16','2021-10-01 09:55:16'),(150,3675,'Mr. Paolo Leannon',13.17,6791,'Non aliquid vel omnis aperiam modi modi veniam. Beatae et molestias ut blanditiis. Iure voluptatem deserunt incidunt ratione.',_binary 'C:\\laragon\\www\\ProyectoSupermercadoApiLaravel\\d2910c9355556f3875f9703a8897b88e.png',6,13,'2021-10-01 09:55:16','2021-10-01 09:55:16'),(151,7617,'Prof. Helen Pacocha',1.63,4659,'Quia aut sunt dolor qui. Ipsam est reiciendis iure aliquid eveniet qui. Voluptatem ut unde voluptatem perferendis quo. Ex veniam culpa explicabo fuga. Ut qui et voluptas rerum omnis perspiciatis.',_binary 'C:\\laragon\\www\\ProyectoSupermercadoApiLaravel\\bba8fd3e17947a6b0f3f42acf10a7d27.png',6,30,'2021-10-01 09:55:16','2021-10-01 09:55:16'),(152,1691,'Kacie Bailey PhD',14.21,3200,'Aut odit est et illum beatae. Sed rerum praesentium repellat quia officiis quae. Sint qui debitis blanditiis molestiae sunt quia est est.',_binary 'C:\\laragon\\www\\ProyectoSupermercadoApiLaravel\\6ac45e58fa29b940c294c766fd5a3dfd.png',6,24,'2021-10-01 09:55:16','2021-10-01 09:55:16'),(153,7057,'Marcella Sauer',9.27,113,'Et rerum perspiciatis ab ut ut delectus sint. Placeat omnis at enim dolorem laboriosam explicabo voluptas magni. Repellendus et autem doloribus neque.',_binary 'C:\\laragon\\www\\ProyectoSupermercadoApiLaravel\\20f9093a408482094a758543cd2005d6.png',6,21,'2021-10-01 09:55:16','2021-10-01 09:55:16'),(154,9211,'Eliane Dickinson',9.15,2654,'Est voluptatem esse pariatur velit beatae tempore sunt. Sit sed optio eum odit molestiae incidunt tenetur. Pariatur id sed similique sit rerum consequatur perferendis. Non magni cupiditate amet.',_binary 'C:\\laragon\\www\\ProyectoSupermercadoApiLaravel\\6674a6bffa3b231e51f21bba322943c9.png',6,96,'2021-10-01 09:55:16','2021-10-01 09:55:16'),(155,9466,'Prof. Oral Corwin PhD',0.10,1861,'Officia numquam consequatur et sit. Amet voluptatem qui ut voluptates placeat harum et quia. Voluptatem earum saepe est quas natus amet voluptates.',_binary 'C:\\laragon\\www\\ProyectoSupermercadoApiLaravel\\fe85cbe142a2e7afd1a13d9a52543bb9.png',6,21,'2021-10-01 09:55:16','2021-10-01 09:55:16'),(156,5749,'Miss Desiree Medhurst I',11.40,7313,'Hic unde ipsum porro. Ut sit minus voluptatum architecto quia in dolores sit. Nemo quaerat provident aliquid ipsam quis deleniti atque. Qui voluptas adipisci unde repudiandae itaque eos accusantium.',_binary 'C:\\laragon\\www\\ProyectoSupermercadoApiLaravel\\4b2b7a741f5c4a8b90510a80d74bd596.png',6,39,'2021-10-01 09:55:16','2021-10-01 09:55:16'),(157,5391,'Moses Predovic',31.53,204,'Aliquam illo optio rerum hic. Deserunt laboriosam ipsa labore harum assumenda magnam. Velit eius sit molestias cupiditate blanditiis et.',_binary 'C:\\laragon\\www\\ProyectoSupermercadoApiLaravel\\7d7cb0489e7c56936215493e120b8d7e.png',6,24,'2021-10-01 09:55:16','2021-10-01 09:55:16'),(158,9118,'Cassandra Erdman',24.05,2692,'Quidem maiores sapiente cumque officia quis dicta perferendis. Consequatur aut aut quibusdam sit quod. Tempora vero accusantium iure voluptatem et. Ut sunt perspiciatis incidunt ut et ea.',_binary 'C:\\laragon\\www\\ProyectoSupermercadoApiLaravel\\6f7eb6e44d0bcba51a6b6b88c30b65ee.png',6,66,'2021-10-01 09:55:16','2021-10-01 09:55:16'),(159,9413,'Dr. Esta Buckridge V',23.40,1149,'Atque illo commodi vel sapiente quas. Reprehenderit quo impedit sit est. Dignissimos in eum et ea ad. Vero molestiae itaque officiis voluptate et. Iure ab dolorem soluta earum.',_binary 'C:\\laragon\\www\\ProyectoSupermercadoApiLaravel\\e235e21f6039843ec885d1ec76f0ed8e.png',6,80,'2021-10-01 09:55:16','2021-10-01 09:55:16'),(160,1841,'Mervin Macejkovic',17.20,3547,'Nemo eaque excepturi possimus doloribus eum facilis explicabo. Et quos inventore nesciunt quis sunt. Porro rerum tenetur qui nihil et commodi. Nulla et unde eius blanditiis eum.',_binary 'C:\\laragon\\www\\ProyectoSupermercadoApiLaravel\\b72b857c282aeaac6dcf4ce78b19af90.png',6,15,'2021-10-01 09:55:16','2021-10-01 09:55:16'),(161,4569,'Mr. Carmelo Schmidt Sr.',3.32,6129,'In odio sit natus aliquid. Perferendis sint voluptas praesentium vitae porro sint animi. Et maxime consectetur saepe omnis et corrupti explicabo.',_binary 'C:\\laragon\\www\\ProyectoSupermercadoApiLaravel\\e98e7cb1be19d95270e57c0cfd0db4f5.png',6,85,'2021-10-01 09:55:16','2021-10-01 09:55:16'),(162,3965,'Garrison Feest V',9.09,5797,'Consequatur dolorum qui numquam earum eius. Aut eveniet ducimus quia quod provident illo. Ut cupiditate eum id aut consequatur. In molestiae ut occaecati. Ullam minus occaecati aut odit eum unde.',_binary 'C:\\laragon\\www\\ProyectoSupermercadoApiLaravel\\602b3c7238dd9e7f8ee1eed93dc9e082.png',6,36,'2021-10-01 09:55:16','2021-10-01 09:55:16'),(163,4408,'Rahul Jones',41.23,2908,'Quibusdam consequatur nostrum est eum. Suscipit quibusdam porro officiis quis quaerat. Vel earum quia sunt quibusdam officiis. Ut nam labore voluptatem dolores ut voluptatem eligendi.',_binary 'C:\\laragon\\www\\ProyectoSupermercadoApiLaravel\\dd79d445524c6c0de01391a0bdabe3af.png',6,27,'2021-10-01 09:55:16','2021-10-01 09:55:16'),(164,2745,'Derick Koss',14.58,1906,'Corporis nemo harum cupiditate hic. Quibusdam beatae sunt impedit deserunt saepe dicta. Dolores nobis non non rerum quos. Ut deleniti praesentium dolorem. Quia illo dolore debitis error et accusamus.',_binary 'C:\\laragon\\www\\ProyectoSupermercadoApiLaravel\\ae3c2784fdb910d9161d039a498f4ab6.png',6,46,'2021-10-01 09:55:16','2021-10-01 09:55:16'),(165,9287,'Buford Ryan',5.02,6258,'Voluptatem et in id exercitationem rem doloremque unde quis. Inventore fugiat vero cumque nulla aspernatur et. Alias maiores iusto saepe qui rerum.',_binary 'C:\\laragon\\www\\ProyectoSupermercadoApiLaravel\\c8dd3c92117bd2532e4709436b2a0865.png',6,33,'2021-10-01 09:55:16','2021-10-01 09:55:16'),(166,1892,'Anna Johnston',5.04,1599,'Odit aut aut tenetur saepe nihil ipsa. Voluptas tempora assumenda mollitia repellat. Rerum sit eos ut rem voluptate qui repellendus provident.',_binary 'C:\\laragon\\www\\ProyectoSupermercadoApiLaravel\\69198e2a0e955a6d573323c5916c449c.png',6,30,'2021-10-01 09:55:16','2021-10-01 09:55:16'),(167,2732,'Ms. Aliya Heller',45.96,5947,'Vero est quam sunt magnam. Aut aperiam nisi optio. Odio blanditiis porro sit quos quia voluptatum. Sequi et nihil et rem qui.',_binary 'C:\\laragon\\www\\ProyectoSupermercadoApiLaravel\\2748d29859433f9975f7d0eb9a1fb95c.png',6,63,'2021-10-01 09:55:16','2021-10-01 09:55:16');
/*!40000 ALTER TABLE `products` ENABLE KEYS */;
UNLOCK TABLES;

--
-- Table structure for table `products_offer`
--

DROP TABLE IF EXISTS `products_offer`;
/*!40101 SET @saved_cs_client     = @@character_set_client */;
/*!40101 SET character_set_client = utf8 */;
CREATE TABLE `products_offer` (
  `id` bigint(20) unsigned NOT NULL AUTO_INCREMENT,
  `id_offer` bigint(20) unsigned NOT NULL,
  `id_product` bigint(20) unsigned NOT NULL,
  `created_at` timestamp NULL DEFAULT NULL,
  `updated_at` timestamp NULL DEFAULT NULL,
  PRIMARY KEY (`id`),
  KEY `products_offer_id_product_foreign` (`id_product`),
  KEY `products_offer_id_offer_foreign` (`id_offer`),
  CONSTRAINT `products_offer_id_offer_foreign` FOREIGN KEY (`id_offer`) REFERENCES `offers` (`id`),
  CONSTRAINT `products_offer_id_product_foreign` FOREIGN KEY (`id_product`) REFERENCES `products` (`id`)
) ENGINE=InnoDB DEFAULT CHARSET=utf8mb4 COLLATE=utf8mb4_unicode_ci;
/*!40101 SET character_set_client = @saved_cs_client */;

--
-- Dumping data for table `products_offer`
--

LOCK TABLES `products_offer` WRITE;
/*!40000 ALTER TABLE `products_offer` DISABLE KEYS */;
/*!40000 ALTER TABLE `products_offer` ENABLE KEYS */;
UNLOCK TABLES;

--
-- Table structure for table `users`
--

DROP TABLE IF EXISTS `users`;
/*!40101 SET @saved_cs_client     = @@character_set_client */;
/*!40101 SET character_set_client = utf8 */;
CREATE TABLE `users` (
  `id` bigint(20) unsigned NOT NULL AUTO_INCREMENT,
  `rol` varchar(255) COLLATE utf8mb4_unicode_ci NOT NULL,
  `name` varchar(255) COLLATE utf8mb4_unicode_ci NOT NULL,
  `lastname` varchar(255) COLLATE utf8mb4_unicode_ci NOT NULL,
  `address` varchar(255) COLLATE utf8mb4_unicode_ci NOT NULL,
  `email` varchar(255) COLLATE utf8mb4_unicode_ci NOT NULL,
  `email_verified_at` timestamp NULL DEFAULT NULL,
  `password` varchar(255) COLLATE utf8mb4_unicode_ci NOT NULL,
  `telephone` varchar(255) COLLATE utf8mb4_unicode_ci NOT NULL,
  `remember_token` varchar(100) COLLATE utf8mb4_unicode_ci DEFAULT NULL,
  `created_at` timestamp NULL DEFAULT NULL,
  `updated_at` timestamp NULL DEFAULT NULL,
  PRIMARY KEY (`id`),
  UNIQUE KEY `users_email_unique` (`email`)
) ENGINE=InnoDB AUTO_INCREMENT=103 DEFAULT CHARSET=utf8mb4 COLLATE=utf8mb4_unicode_ci;
/*!40101 SET character_set_client = @saved_cs_client */;

--
-- Dumping data for table `users`
--

LOCK TABLES `users` WRITE;
/*!40000 ALTER TABLE `users` DISABLE KEYS */;
INSERT INTO `users` VALUES (1,'Maye Prosacco','Anderson Bechtelar','Lesch','33148 Lindgren Keys Suite 287\nNew Josephburgh, GA 31579-5496','ncruickshank@example.org','2021-10-01 09:08:02','$2y$10$92IXUNpkjO0rOQ5byMi.Ye4oKoEa3Ro9llC/.og/at2.uheWG/igi','+1 (863) 376-6561','opQocMj9l7','2021-10-01 09:08:02','2021-10-01 09:08:02'),(2,'Ettie Weissnat','Friedrich Bins DVM','Kuhlman','9362 Walsh Meadow Apt. 002\nMiracletown, OK 52764','quitzon.sally@example.org','2021-10-01 09:08:39','$2y$10$92IXUNpkjO0rOQ5byMi.Ye4oKoEa3Ro9llC/.og/at2.uheWG/igi','+1-415-269-5970','11QeourjQt','2021-10-01 09:08:39','2021-10-01 09:08:39'),(3,'Dr. Eloy Lind Jr.','Jaime Kunde','Lang','48332 Fredy Mission Apt. 480\nEast Keenanland, CT 14839','beatty.rosamond@example.net','2021-10-01 09:10:45','$2y$10$92IXUNpkjO0rOQ5byMi.Ye4oKoEa3Ro9llC/.og/at2.uheWG/igi','1-669-870-2631','Q75Jf5HP5W','2021-10-01 09:10:45','2021-10-01 09:10:45'),(4,'Prof. Mikel Jakubowski II','Mr. Alphonso King','Hand','1826 Nigel Meadow\nLake Makaylahaven, UT 29761','estrella.kirlin@example.net','2021-10-01 09:10:45','$2y$10$92IXUNpkjO0rOQ5byMi.Ye4oKoEa3Ro9llC/.og/at2.uheWG/igi','1-947-896-5024','8tVGBP6sbG','2021-10-01 09:10:45','2021-10-01 09:10:45'),(5,'Mr. Kole Roberts DVM','Prof. Jordi Fritsch IV','Schroeder','20372 Kutch Trail Suite 552\nJerdeport, OH 68435','brice.white@example.org','2021-10-01 09:10:45','$2y$10$92IXUNpkjO0rOQ5byMi.Ye4oKoEa3Ro9llC/.og/at2.uheWG/igi','+1 (810) 636-0731','Bzgd9JH6rM','2021-10-01 09:10:45','2021-10-01 09:10:45'),(6,'Raheem Barton','Mrs. Ora Anderson','Pacocha','5701 Strosin Mountain\nWest Colleen, WV 40918','hilpert.annabel@example.net','2021-10-01 09:10:45','$2y$10$92IXUNpkjO0rOQ5byMi.Ye4oKoEa3Ro9llC/.og/at2.uheWG/igi','(706) 576-1743','zuoHfhiQtp','2021-10-01 09:10:45','2021-10-01 09:10:45'),(7,'Mr. Alden Hudson DVM','Abelardo Hickle','Weimann','477 Schulist View\nBirdieborough, WI 10082-0788','schmeler.eldred@example.net','2021-10-01 09:10:45','$2y$10$92IXUNpkjO0rOQ5byMi.Ye4oKoEa3Ro9llC/.og/at2.uheWG/igi','828-645-3556','p1g6eSlm7g','2021-10-01 09:10:45','2021-10-01 09:10:45'),(8,'Ramiro Davis','Edward Moen','Zemlak','424 Torphy Fort Apt. 181\nPort Lesterchester, WV 91276-8196','nienow.ariel@example.net','2021-10-01 09:10:45','$2y$10$92IXUNpkjO0rOQ5byMi.Ye4oKoEa3Ro9llC/.og/at2.uheWG/igi','540-569-8465','fekMbfQThy','2021-10-01 09:10:45','2021-10-01 09:10:45'),(9,'Shanna Christiansen II','Miss Brielle Lueilwitz','Crona','7163 Turner Common\nSouth Kurtisstad, MS 15384','kunze.alaina@example.org','2021-10-01 09:10:45','$2y$10$92IXUNpkjO0rOQ5byMi.Ye4oKoEa3Ro9llC/.og/at2.uheWG/igi','(707) 439-2611','gDsdZ0Ngjs','2021-10-01 09:10:45','2021-10-01 09:10:45'),(10,'Mrs. Aurore Beier II','Miss Ines Bergnaum IV','Windler','188 Lowe Glens\nRosalindmouth, AL 25748-4738','wcrist@example.net','2021-10-01 09:10:45','$2y$10$92IXUNpkjO0rOQ5byMi.Ye4oKoEa3Ro9llC/.og/at2.uheWG/igi','+1 (701) 530-4117','brXOyuy1tz','2021-10-01 09:10:45','2021-10-01 09:10:45'),(11,'Lilliana Bergnaum','Prof. Rodger Larson MD','Ryan','717 Koelpin Groves\nMaudieside, TN 16855-9338','aric.gorczany@example.net','2021-10-01 09:10:45','$2y$10$92IXUNpkjO0rOQ5byMi.Ye4oKoEa3Ro9llC/.og/at2.uheWG/igi','+14432868529','sWigYth9ZN','2021-10-01 09:10:45','2021-10-01 09:10:45'),(12,'Dr. Anibal Ebert Sr.','Jany Herman DDS','Walker','720 Theodore Crescent\nRussberg, MN 13114-1929','rocio64@example.com','2021-10-01 09:10:45','$2y$10$92IXUNpkjO0rOQ5byMi.Ye4oKoEa3Ro9llC/.og/at2.uheWG/igi','1-681-218-6542','4JjsajcXuT','2021-10-01 09:10:45','2021-10-01 09:10:45'),(13,'Lauriane Cronin','Kraig Kessler','Schmeler','8743 Ansel Locks\nWest Nicolaview, WI 04464','adams.geovany@example.com','2021-10-01 09:10:45','$2y$10$92IXUNpkjO0rOQ5byMi.Ye4oKoEa3Ro9llC/.og/at2.uheWG/igi','352-250-0340','jVox7m0NcN','2021-10-01 09:10:45','2021-10-01 09:10:45'),(14,'Americo Murphy Sr.','Dr. Jess Walsh III','West','5189 Malachi Street\nEast Brigittefurt, CT 25804','trever.runolfsdottir@example.net','2021-10-01 09:10:45','$2y$10$92IXUNpkjO0rOQ5byMi.Ye4oKoEa3Ro9llC/.og/at2.uheWG/igi','1-732-697-0719','mQXK1zc8EH','2021-10-01 09:10:45','2021-10-01 09:10:45'),(15,'Abelardo Daniel','Ewald Cronin IV','Predovic','46965 Powlowski Drive\nNew Twila, FL 29891-5445','gillian30@example.com','2021-10-01 09:10:45','$2y$10$92IXUNpkjO0rOQ5byMi.Ye4oKoEa3Ro9llC/.og/at2.uheWG/igi','1-769-755-2928','EDN7zmPaQI','2021-10-01 09:10:45','2021-10-01 09:10:45'),(16,'Louie O\'Reilly','Javonte Schmitt','Effertz','6780 Stacy Stream\nWest Albertastad, AZ 09389','layla.torphy@example.net','2021-10-01 09:10:45','$2y$10$92IXUNpkjO0rOQ5byMi.Ye4oKoEa3Ro9llC/.og/at2.uheWG/igi','352.607.6198','7yxXjKG3XY','2021-10-01 09:10:45','2021-10-01 09:10:45'),(17,'Rebeca Hirthe','Mrs. Adela Reilly I','Doyle','936 Kovacek Dam Suite 213\nMabelleside, MD 63293','teagan.greenholt@example.org','2021-10-01 09:10:45','$2y$10$92IXUNpkjO0rOQ5byMi.Ye4oKoEa3Ro9llC/.og/at2.uheWG/igi','415.837.1527','R6lgg0mIhn','2021-10-01 09:10:45','2021-10-01 09:10:45'),(18,'Esperanza DuBuque','Richie Sporer','Frami','8321 Gleason Lake\nKuhicmouth, PA 23904-2683','dietrich.christelle@example.net','2021-10-01 09:10:45','$2y$10$92IXUNpkjO0rOQ5byMi.Ye4oKoEa3Ro9llC/.og/at2.uheWG/igi','838.349.0729','dftUQAl0R1','2021-10-01 09:10:45','2021-10-01 09:10:45'),(19,'Garland Murphy','Odell Donnelly III','Kuphal','1603 Wolff Cliffs Apt. 510\nRutherfordberg, VA 12433','mbauch@example.org','2021-10-01 09:10:45','$2y$10$92IXUNpkjO0rOQ5byMi.Ye4oKoEa3Ro9llC/.og/at2.uheWG/igi','1-631-840-5027','eTPf6JgotD','2021-10-01 09:10:45','2021-10-01 09:10:45'),(20,'Tiana Simonis','Halie Schultz II','Lynch','966 Sophie Cape\nKuphalberg, SC 40652','letitia.marquardt@example.com','2021-10-01 09:10:45','$2y$10$92IXUNpkjO0rOQ5byMi.Ye4oKoEa3Ro9llC/.og/at2.uheWG/igi','786.794.6829','TyNH2wMREN','2021-10-01 09:10:45','2021-10-01 09:10:45'),(21,'Ms. Rosetta Erdman III','Prof. Raoul Fay Sr.','Bartoletti','894 Darian Avenue Suite 388\nLegrosfurt, TX 42696-7374','mwiegand@example.net','2021-10-01 09:10:45','$2y$10$92IXUNpkjO0rOQ5byMi.Ye4oKoEa3Ro9llC/.og/at2.uheWG/igi','417.228.9362','ZtzpNDVckK','2021-10-01 09:10:45','2021-10-01 09:10:45'),(22,'Miss America Green','Elisabeth Kuhn Jr.','Kiehn','210 Quitzon Ridges\nNorth Clemmiefort, MA 33769-4129','ellie.parisian@example.com','2021-10-01 09:10:45','$2y$10$92IXUNpkjO0rOQ5byMi.Ye4oKoEa3Ro9llC/.og/at2.uheWG/igi','1-458-964-2899','k7E2DesnYA','2021-10-01 09:10:45','2021-10-01 09:10:45'),(23,'Elliott Nitzsche PhD','Horace Ruecker','Cremin','3219 Lucile Forge Suite 543\nWest Nannie, ID 55917-1206','geo.robel@example.com','2021-10-01 09:10:45','$2y$10$92IXUNpkjO0rOQ5byMi.Ye4oKoEa3Ro9llC/.og/at2.uheWG/igi','951-948-0945','Up6Gd5iMw8','2021-10-01 09:10:45','2021-10-01 09:10:45'),(24,'Mr. Tevin Cormier','Ludwig Wiza','Dietrich','824 Cummerata Walk Apt. 477\nAustynstad, CT 39912','cayla.koch@example.net','2021-10-01 09:10:45','$2y$10$92IXUNpkjO0rOQ5byMi.Ye4oKoEa3Ro9llC/.og/at2.uheWG/igi','534-440-1943','glvigBW8Bc','2021-10-01 09:10:45','2021-10-01 09:10:45'),(25,'Colten Glover I','Mavis Feeney','Schinner','9598 Borer Junction Apt. 869\nEast Geovanny, FL 20084-1465','cristopher64@example.com','2021-10-01 09:10:45','$2y$10$92IXUNpkjO0rOQ5byMi.Ye4oKoEa3Ro9llC/.og/at2.uheWG/igi','(747) 450-4553','Mkr56mcXtf','2021-10-01 09:10:45','2021-10-01 09:10:45'),(26,'Earline White','Tristin Kunze','Ward','61082 Mozelle Hill\nLittleland, OK 14167','carmine81@example.org','2021-10-01 09:10:45','$2y$10$92IXUNpkjO0rOQ5byMi.Ye4oKoEa3Ro9llC/.og/at2.uheWG/igi','832-758-1998','ar0WoEAY2C','2021-10-01 09:10:45','2021-10-01 09:10:45'),(27,'Clinton Lubowitz','Mrs. Joannie Berge Sr.','Windler','6047 Kilback Freeway\nLake Clemens, KS 53649-1808','waters.michele@example.net','2021-10-01 09:10:45','$2y$10$92IXUNpkjO0rOQ5byMi.Ye4oKoEa3Ro9llC/.og/at2.uheWG/igi','+1.484.592.3929','WO3uIgeEX9','2021-10-01 09:10:45','2021-10-01 09:10:45'),(28,'Don Skiles','Ralph Brekke III','Senger','909 Nikolaus Port\nHoracestad, HI 36902-8474','nvolkman@example.com','2021-10-01 09:10:45','$2y$10$92IXUNpkjO0rOQ5byMi.Ye4oKoEa3Ro9llC/.og/at2.uheWG/igi','563.923.6144','KE6TZnBKan','2021-10-01 09:10:45','2021-10-01 09:10:45'),(29,'Brooklyn Barrows','Angelo Beer','Maggio','346 Mann Field Apt. 537\nJaydaside, MI 81775-1036','gerda23@example.com','2021-10-01 09:10:45','$2y$10$92IXUNpkjO0rOQ5byMi.Ye4oKoEa3Ro9llC/.og/at2.uheWG/igi','912.413.1472','bVSpj5cvyh','2021-10-01 09:10:45','2021-10-01 09:10:45'),(30,'Geoffrey Ullrich MD','Stone Stamm MD','Buckridge','484 Jazlyn Land Apt. 355\nMonahanhaven, NV 26686','crystel26@example.com','2021-10-01 09:10:45','$2y$10$92IXUNpkjO0rOQ5byMi.Ye4oKoEa3Ro9llC/.og/at2.uheWG/igi','+15096945101','DLhfskvJjE','2021-10-01 09:10:45','2021-10-01 09:10:45'),(31,'Carlo Ankunding','Lois Bergnaum V','Funk','2606 Christa Mews\nMosciskitown, RI 64361-4292','oyost@example.com','2021-10-01 09:10:45','$2y$10$92IXUNpkjO0rOQ5byMi.Ye4oKoEa3Ro9llC/.og/at2.uheWG/igi','315-988-0167','TRrYknvXP8','2021-10-01 09:10:45','2021-10-01 09:10:45'),(32,'Alphonso Pfannerstill Sr.','Ashtyn Kris','Green','7402 Murphy Overpass\nSouth Krystal, AK 49970','genesis.weber@example.org','2021-10-01 09:10:45','$2y$10$92IXUNpkjO0rOQ5byMi.Ye4oKoEa3Ro9llC/.og/at2.uheWG/igi','+1-979-540-7653','gCNoZpmGak','2021-10-01 09:10:45','2021-10-01 09:10:45'),(33,'Jessie Olson','Dr. Rusty Hill','Williamson','4850 Herzog Fields\nWest Unaland, MT 77342-9108','johann06@example.com','2021-10-01 09:10:45','$2y$10$92IXUNpkjO0rOQ5byMi.Ye4oKoEa3Ro9llC/.og/at2.uheWG/igi','+1-414-748-5723','QtMHUk5m4W','2021-10-01 09:10:45','2021-10-01 09:10:45'),(34,'Marjolaine Schiller','Anne Kihn','Deckow','159 Rice Well Apt. 921\nElsietown, AK 41786','alexandra.von@example.org','2021-10-01 09:10:45','$2y$10$92IXUNpkjO0rOQ5byMi.Ye4oKoEa3Ro9llC/.og/at2.uheWG/igi','+1 (360) 315-2870','BLVs3IibA2','2021-10-01 09:10:45','2021-10-01 09:10:45'),(35,'Maximilian Schaden','Jack Gaylord Sr.','Friesen','1714 Kassulke Union Suite 766\nEast Clairestad, SC 71643','raquel97@example.org','2021-10-01 09:10:45','$2y$10$92IXUNpkjO0rOQ5byMi.Ye4oKoEa3Ro9llC/.og/at2.uheWG/igi','281.526.1586','k9F6EADE1v','2021-10-01 09:10:45','2021-10-01 09:10:45'),(36,'Eloy Gottlieb','Adolphus Schulist','West','370 Sedrick Center\nBrakusbury, AR 75224','borer.rupert@example.org','2021-10-01 09:10:45','$2y$10$92IXUNpkjO0rOQ5byMi.Ye4oKoEa3Ro9llC/.og/at2.uheWG/igi','(657) 576-0470','vRSaR0lOvz','2021-10-01 09:10:45','2021-10-01 09:10:45'),(37,'Jessy Hartmann IV','Alycia Grant Jr.','Boyer','13811 Karli Via Apt. 502\nNorth Trystanfurt, NJ 28148-7014','schowalter.deshaun@example.com','2021-10-01 09:10:45','$2y$10$92IXUNpkjO0rOQ5byMi.Ye4oKoEa3Ro9llC/.og/at2.uheWG/igi','(614) 384-4839','kCjqfUoqoG','2021-10-01 09:10:45','2021-10-01 09:10:45'),(38,'Korbin Kuphal','Mellie Turcotte','Nikolaus','112 Rempel Cliff Apt. 734\nClairemouth, MA 78254-2156','zechariah68@example.org','2021-10-01 09:10:45','$2y$10$92IXUNpkjO0rOQ5byMi.Ye4oKoEa3Ro9llC/.og/at2.uheWG/igi','+1-415-392-0817','zPmHaSVxX4','2021-10-01 09:10:45','2021-10-01 09:10:45'),(39,'Conrad Heller','Coralie Windler','Johns','857 Konopelski Well Apt. 925\nRobertochester, MT 47882','wehner.hanna@example.org','2021-10-01 09:10:45','$2y$10$92IXUNpkjO0rOQ5byMi.Ye4oKoEa3Ro9llC/.og/at2.uheWG/igi','731.219.5364','1N089TaFRr','2021-10-01 09:10:45','2021-10-01 09:10:45'),(40,'Gerald Stoltenberg','Jazmyn Torp','Daugherty','39584 Kemmer Road\nBruenborough, HI 01055-5157','predovic.ona@example.net','2021-10-01 09:10:45','$2y$10$92IXUNpkjO0rOQ5byMi.Ye4oKoEa3Ro9llC/.og/at2.uheWG/igi','539-566-6756','ywFNvL5bl0','2021-10-01 09:10:45','2021-10-01 09:10:45'),(41,'Jewell Mann','Christian Hamill II','O\'Conner','2011 Emard Corner Suite 938\nLittlefort, UT 92182-4617','oquitzon@example.org','2021-10-01 09:10:45','$2y$10$92IXUNpkjO0rOQ5byMi.Ye4oKoEa3Ro9llC/.og/at2.uheWG/igi','+1.564.460.5862','C0bi1KaOY0','2021-10-01 09:10:45','2021-10-01 09:10:45'),(42,'Malika Kuhlman V','Dr. Beverly Lang','Auer','464 Linnie Garden Suite 246\nWatsicashire, WA 91044','cdietrich@example.com','2021-10-01 09:10:45','$2y$10$92IXUNpkjO0rOQ5byMi.Ye4oKoEa3Ro9llC/.og/at2.uheWG/igi','+1.563.682.4539','abQqv9j0aP','2021-10-01 09:10:45','2021-10-01 09:10:45'),(43,'Mr. Alvis Kerluke DVM','Bonita Ryan','Batz','29460 Carolyne Knolls\nMarisaberg, OR 86233','milford.dickinson@example.org','2021-10-01 09:10:45','$2y$10$92IXUNpkjO0rOQ5byMi.Ye4oKoEa3Ro9llC/.og/at2.uheWG/igi','463.780.4189','wvJGUHYhA7','2021-10-01 09:10:45','2021-10-01 09:10:45'),(44,'Mrs. Johanna Bayer','Clarissa Bergstrom','Balistreri','40682 Brianne Mountains Suite 723\nPort Araville, NC 30093','nicolas.claudie@example.net','2021-10-01 09:10:45','$2y$10$92IXUNpkjO0rOQ5byMi.Ye4oKoEa3Ro9llC/.og/at2.uheWG/igi','410.356.6765','a6WxspiL40','2021-10-01 09:10:45','2021-10-01 09:10:45'),(45,'Graham Willms','Victor Breitenberg','Christiansen','90784 Hagenes Stream Apt. 319\nPort Noefort, GA 56720','marcus.kuhlman@example.com','2021-10-01 09:10:45','$2y$10$92IXUNpkjO0rOQ5byMi.Ye4oKoEa3Ro9llC/.og/at2.uheWG/igi','754-519-0774','ZUFbucPq4h','2021-10-01 09:10:45','2021-10-01 09:10:45'),(46,'Carleton Wyman','Adriana Weber III','Gutkowski','906 Hodkiewicz Glens\nJaylanstad, AZ 43846-7268','dillon83@example.com','2021-10-01 09:10:45','$2y$10$92IXUNpkjO0rOQ5byMi.Ye4oKoEa3Ro9llC/.og/at2.uheWG/igi','385.639.5854','MiamANjJsV','2021-10-01 09:10:45','2021-10-01 09:10:45'),(47,'Rory Legros','Era Jacobs','Weber','77657 Walsh Drives Suite 671\nNorth Judsontown, DC 68309-8837','eunice03@example.org','2021-10-01 09:10:45','$2y$10$92IXUNpkjO0rOQ5byMi.Ye4oKoEa3Ro9llC/.og/at2.uheWG/igi','1-562-681-5214','nhHx4tcqXL','2021-10-01 09:10:45','2021-10-01 09:10:45'),(48,'Dr. Adonis Mayert MD','Emiliano Kulas','Spinka','5049 Timothy Springs\nPort Laurine, AR 56443','ericka23@example.com','2021-10-01 09:10:45','$2y$10$92IXUNpkjO0rOQ5byMi.Ye4oKoEa3Ro9llC/.og/at2.uheWG/igi','+1 (754) 542-0792','BVP2Z6TK5y','2021-10-01 09:10:45','2021-10-01 09:10:45'),(49,'Erna Kilback','Curt Steuber','Kuhn','116 Crona Via Suite 048\nPort Violette, RI 84009','emie.rice@example.com','2021-10-01 09:10:45','$2y$10$92IXUNpkjO0rOQ5byMi.Ye4oKoEa3Ro9llC/.og/at2.uheWG/igi','+1-845-497-0624','ItBR3xnl7M','2021-10-01 09:10:45','2021-10-01 09:10:45'),(50,'Zachary Bernier','Prof. Kenny Wiegand','Nader','36280 O\'Connell Mountain\nWest Vaughn, ME 61349','virgie11@example.com','2021-10-01 09:10:45','$2y$10$92IXUNpkjO0rOQ5byMi.Ye4oKoEa3Ro9llC/.og/at2.uheWG/igi','360-579-6263','N8LIzCHoqK','2021-10-01 09:10:45','2021-10-01 09:10:45'),(51,'Prof. Queenie Parisian','Lucie Paucek','Funk','7172 Ankunding Shoals Apt. 035\nMertzshire, MO 94905','aubree30@example.com','2021-10-01 09:10:45','$2y$10$92IXUNpkjO0rOQ5byMi.Ye4oKoEa3Ro9llC/.og/at2.uheWG/igi','+1-606-666-3439','OgSjtJSN09','2021-10-01 09:10:45','2021-10-01 09:10:45'),(52,'Lenore Rippin Jr.','Reina Barton','Herzog','2118 Jakubowski Forges Suite 929\nHymanport, NH 54433','russell.von@example.com','2021-10-01 09:10:45','$2y$10$92IXUNpkjO0rOQ5byMi.Ye4oKoEa3Ro9llC/.og/at2.uheWG/igi','+1-564-330-4931','iOy3ImsIqI','2021-10-01 09:10:45','2021-10-01 09:10:45'),(53,'Davon Schmidt','Dr. Elvera Flatley','Koepp','60457 Loma Manor\nTrompstad, OK 57962-2192','penelope39@example.net','2021-10-01 09:13:26','$2y$10$92IXUNpkjO0rOQ5byMi.Ye4oKoEa3Ro9llC/.og/at2.uheWG/igi','+1-253-477-0339','kKymLGm6iV','2021-10-01 09:13:26','2021-10-01 09:13:26'),(54,'Eriberto Ritchie','Nathanael Schneider Sr.','Kuhlman','90545 Mina Lakes\nLake Ellie, OK 18013','zoila50@example.net','2021-10-01 09:13:26','$2y$10$92IXUNpkjO0rOQ5byMi.Ye4oKoEa3Ro9llC/.og/at2.uheWG/igi','540.556.3867','ynJ3yzB4nd','2021-10-01 09:13:26','2021-10-01 09:13:26'),(55,'Alisha Grimes','Darron Lindgren','Christiansen','9777 Quigley Stream Suite 922\nWest Herminatown, SD 67584','howe.colby@example.org','2021-10-01 09:13:26','$2y$10$92IXUNpkjO0rOQ5byMi.Ye4oKoEa3Ro9llC/.og/at2.uheWG/igi','304-863-4440','tVKwzcn38n','2021-10-01 09:13:26','2021-10-01 09:13:26'),(56,'Mr. Matteo Gerlach DVM','Seamus Dickens','Jacobi','9361 Demarcus Lights Suite 208\nEast Evert, PA 91068-2683','okey.quitzon@example.com','2021-10-01 09:13:26','$2y$10$92IXUNpkjO0rOQ5byMi.Ye4oKoEa3Ro9llC/.og/at2.uheWG/igi','+1-682-576-4298','u5sPszwdoQ','2021-10-01 09:13:26','2021-10-01 09:13:26'),(57,'Prof. Dakota Stanton','Imogene Weber','West','98421 Daniel Pine Suite 699\nAsaview, CA 63360','luciano33@example.org','2021-10-01 09:13:26','$2y$10$92IXUNpkjO0rOQ5byMi.Ye4oKoEa3Ro9llC/.og/at2.uheWG/igi','820-548-6926','CX825sp2fy','2021-10-01 09:13:26','2021-10-01 09:13:26'),(58,'Jermaine Schuppe','Mrs. Theresia Bogisich','Mosciski','17201 Willms Points\nSteuberton, CT 24469','corkery.cathy@example.org','2021-10-01 09:13:26','$2y$10$92IXUNpkjO0rOQ5byMi.Ye4oKoEa3Ro9llC/.og/at2.uheWG/igi','925.729.1824','WEOaRkQnLC','2021-10-01 09:13:26','2021-10-01 09:13:26'),(59,'Camryn Swaniawski','Mrs. Kelsi Wyman DDS','Bins','429 Weldon Flats\nNathanfort, GA 67936-8234','hlarkin@example.com','2021-10-01 09:13:26','$2y$10$92IXUNpkjO0rOQ5byMi.Ye4oKoEa3Ro9llC/.og/at2.uheWG/igi','678-820-9491','v5DgbOqrTd','2021-10-01 09:13:26','2021-10-01 09:13:26'),(60,'Dr. Stacey Halvorson','Bridget Prohaska MD','Hammes','818 Ramiro Shore\nCreminmouth, KS 80305-4820','godfrey.hudson@example.org','2021-10-01 09:13:26','$2y$10$92IXUNpkjO0rOQ5byMi.Ye4oKoEa3Ro9llC/.og/at2.uheWG/igi','+14028863201','fdNID9vaa2','2021-10-01 09:13:26','2021-10-01 09:13:26'),(61,'Prof. Joshua Koch MD','Aida Hahn','Gottlieb','324 Lehner Views\nNikkofort, CA 57229','oaltenwerth@example.com','2021-10-01 09:13:26','$2y$10$92IXUNpkjO0rOQ5byMi.Ye4oKoEa3Ro9llC/.og/at2.uheWG/igi','(213) 458-7091','rbCsuSnAln','2021-10-01 09:13:26','2021-10-01 09:13:26'),(62,'Osbaldo Anderson','Logan Von','Kohler','525 Yvette Keys\nLueilwitzmouth, MO 93939','neha90@example.net','2021-10-01 09:13:26','$2y$10$92IXUNpkjO0rOQ5byMi.Ye4oKoEa3Ro9llC/.og/at2.uheWG/igi','+1.270.762.4061','XjnbfoU0vO','2021-10-01 09:13:26','2021-10-01 09:13:26'),(63,'Melyssa Berge','Haskell Lowe','Howell','9935 Schaden Field\nLake Angusfort, LA 51504-5341','dylan90@example.com','2021-10-01 09:13:26','$2y$10$92IXUNpkjO0rOQ5byMi.Ye4oKoEa3Ro9llC/.og/at2.uheWG/igi','540-569-9424','EDUvlAiu9p','2021-10-01 09:13:26','2021-10-01 09:13:26'),(64,'Mckayla Ernser','Constance Huel','Predovic','29362 Nora Plains\nEast Louieville, ME 52880-9593','sydnie58@example.net','2021-10-01 09:13:26','$2y$10$92IXUNpkjO0rOQ5byMi.Ye4oKoEa3Ro9llC/.og/at2.uheWG/igi','352-723-9643','mCGNN3MbJz','2021-10-01 09:13:26','2021-10-01 09:13:26'),(65,'Hadley Lesch','Shaun Boyle','Erdman','90034 Lemke Spring Apt. 903\nLake Dorthaburgh, WI 77663','aliyah.lebsack@example.net','2021-10-01 09:13:26','$2y$10$92IXUNpkjO0rOQ5byMi.Ye4oKoEa3Ro9llC/.og/at2.uheWG/igi','+1 (539) 712-9638','97eEld78v7','2021-10-01 09:13:26','2021-10-01 09:13:26'),(66,'Damon Wilderman I','Dorcas Schaefer II','Feest','68491 Jana Island Apt. 533\nNorth Allenchester, RI 80573','henri.runte@example.org','2021-10-01 09:13:26','$2y$10$92IXUNpkjO0rOQ5byMi.Ye4oKoEa3Ro9llC/.og/at2.uheWG/igi','+1 (434) 416-3797','ZfKwqpcCNB','2021-10-01 09:13:26','2021-10-01 09:13:26'),(67,'Niko Bergnaum II','Aliza Kunde','Hoppe','42179 Veum Oval Apt. 871\nSouth Genesis, ID 32999-8149','gulgowski.elvera@example.com','2021-10-01 09:13:26','$2y$10$92IXUNpkjO0rOQ5byMi.Ye4oKoEa3Ro9llC/.og/at2.uheWG/igi','1-762-214-1588','har65BESeM','2021-10-01 09:13:26','2021-10-01 09:13:26'),(68,'Gillian Herman Jr.','Shannon Effertz DDS','Ullrich','871 Frank Hills\nWeberburgh, CA 09286-5105','carter.ratke@example.com','2021-10-01 09:13:26','$2y$10$92IXUNpkjO0rOQ5byMi.Ye4oKoEa3Ro9llC/.og/at2.uheWG/igi','(325) 867-3232','41DMZP6zgF','2021-10-01 09:13:26','2021-10-01 09:13:26'),(69,'Roslyn Harris','Mr. Flavio Rice PhD','Mohr','64023 Tyshawn Lock Suite 979\nDarrenview, NC 83340-0869','umarks@example.org','2021-10-01 09:13:26','$2y$10$92IXUNpkjO0rOQ5byMi.Ye4oKoEa3Ro9llC/.og/at2.uheWG/igi','1-865-880-9139','4RAdqHznXR','2021-10-01 09:13:26','2021-10-01 09:13:26'),(70,'Eve Beatty','Jacklyn Lebsack','Sanford','21531 Schinner Crossroad\nNorth Watson, NM 04916','jess70@example.com','2021-10-01 09:13:26','$2y$10$92IXUNpkjO0rOQ5byMi.Ye4oKoEa3Ro9llC/.og/at2.uheWG/igi','+1-606-323-4090','qkmCXslguH','2021-10-01 09:13:26','2021-10-01 09:13:26'),(71,'Javon Fadel','Kip Hill','Stracke','8846 Will Plaza\nWiegandfurt, NJ 06799-3657','erna06@example.org','2021-10-01 09:13:26','$2y$10$92IXUNpkjO0rOQ5byMi.Ye4oKoEa3Ro9llC/.og/at2.uheWG/igi','+1-254-760-5427','FdvZ3aFUas','2021-10-01 09:13:26','2021-10-01 09:13:26'),(72,'Retha Orn','Mr. Eloy Schinner IV','Homenick','6922 Ramon Fall\nWest Deontaefort, NY 11468-6960','green41@example.net','2021-10-01 09:13:26','$2y$10$92IXUNpkjO0rOQ5byMi.Ye4oKoEa3Ro9llC/.og/at2.uheWG/igi','708.347.1479','tutWmlMZDa','2021-10-01 09:13:26','2021-10-01 09:13:26'),(73,'Domenick Kertzmann','Karlie Ward','Gibson','63880 Lisette River\nLake Donburgh, WA 25141-2263','obogan@example.net','2021-10-01 09:13:26','$2y$10$92IXUNpkjO0rOQ5byMi.Ye4oKoEa3Ro9llC/.og/at2.uheWG/igi','+1 (618) 712-6002','MzeXzbsvlb','2021-10-01 09:13:26','2021-10-01 09:13:26'),(74,'Ms. Marjorie Streich Sr.','Mrs. Minnie Nolan','Cole','3038 Jeanette Well Apt. 812\nEast Kellenmouth, MO 28551','rschoen@example.net','2021-10-01 09:13:26','$2y$10$92IXUNpkjO0rOQ5byMi.Ye4oKoEa3Ro9llC/.og/at2.uheWG/igi','1-480-697-5689','bZWvhZl4MC','2021-10-01 09:13:26','2021-10-01 09:13:26'),(75,'Dr. Bradley Hill','Vesta Durgan','Weimann','63757 O\'Hara Orchard Apt. 756\nLake Leatha, LA 22078-0522','owen99@example.com','2021-10-01 09:13:26','$2y$10$92IXUNpkjO0rOQ5byMi.Ye4oKoEa3Ro9llC/.og/at2.uheWG/igi','(402) 242-9901','IeFZQhvNYY','2021-10-01 09:13:26','2021-10-01 09:13:26'),(76,'Jaida Turner','Nya Larson Sr.','Balistreri','5822 Craig Park\nEast Virgil, NE 97357','anais41@example.org','2021-10-01 09:13:26','$2y$10$92IXUNpkjO0rOQ5byMi.Ye4oKoEa3Ro9llC/.og/at2.uheWG/igi','+14636708872','g4I9YIw8mI','2021-10-01 09:13:26','2021-10-01 09:13:26'),(77,'Branson Douglas','America Borer V','Gislason','22837 Anahi Shore\nTeresafurt, VT 27705','malcolm.bosco@example.com','2021-10-01 09:13:26','$2y$10$92IXUNpkjO0rOQ5byMi.Ye4oKoEa3Ro9llC/.og/at2.uheWG/igi','+1.231.654.8454','xBJzNSkkFK','2021-10-01 09:13:26','2021-10-01 09:13:26'),(78,'Ima O\'Connell','Esta Moen','Schaefer','1798 Helga Stravenue Suite 310\nRossburgh, AK 79567-8691','moriah13@example.org','2021-10-01 09:13:26','$2y$10$92IXUNpkjO0rOQ5byMi.Ye4oKoEa3Ro9llC/.og/at2.uheWG/igi','+1.206.420.0333','lLdKbo1v27','2021-10-01 09:13:26','2021-10-01 09:13:26'),(79,'Rhea Sawayn','Shaniya Dibbert','Davis','984 Bernier Falls\nLake Jamilside, WA 79452-6519','fisher.maryjane@example.com','2021-10-01 09:13:26','$2y$10$92IXUNpkjO0rOQ5byMi.Ye4oKoEa3Ro9llC/.og/at2.uheWG/igi','+1 (252) 266-1655','Uqy05LLsCv','2021-10-01 09:13:26','2021-10-01 09:13:26'),(80,'Prof. Christ Reynolds DDS','Gardner Borer','Leannon','72436 Palma Land Suite 119\nLake Leslieshire, CA 34288','oconner.blake@example.com','2021-10-01 09:13:26','$2y$10$92IXUNpkjO0rOQ5byMi.Ye4oKoEa3Ro9llC/.og/at2.uheWG/igi','+1-470-337-9267','hr11oiergG','2021-10-01 09:13:26','2021-10-01 09:13:26'),(81,'Miss Zoe Zieme','Adell Schmeler','Crooks','541 Rodriguez Road\nBuckridgehaven, UT 73022-0707','carolyne16@example.net','2021-10-01 09:13:26','$2y$10$92IXUNpkjO0rOQ5byMi.Ye4oKoEa3Ro9llC/.og/at2.uheWG/igi','307-613-9701','4pMgJ5w8RY','2021-10-01 09:13:26','2021-10-01 09:13:26'),(82,'Anderson Gerlach','Ms. Aiyana Parker IV','Auer','2715 Carroll Center\nLake Zoey, MT 48561','cummings.jody@example.com','2021-10-01 09:13:26','$2y$10$92IXUNpkjO0rOQ5byMi.Ye4oKoEa3Ro9llC/.og/at2.uheWG/igi','(816) 938-2406','6H0pJXO60C','2021-10-01 09:13:26','2021-10-01 09:13:26'),(83,'Derick Toy','Stephany Smith Jr.','Grant','11017 Fritz Falls\nNew Fayfurt, MA 15218','roob.yasmeen@example.net','2021-10-01 09:13:26','$2y$10$92IXUNpkjO0rOQ5byMi.Ye4oKoEa3Ro9llC/.og/at2.uheWG/igi','+1-267-686-7186','sPBKiJUEpX','2021-10-01 09:13:26','2021-10-01 09:13:26'),(84,'Lyric Weimann','Mr. Arthur Murray PhD','Schinner','9330 Floyd Canyon Apt. 514\nPort Orvalberg, MA 95286','casper.roger@example.net','2021-10-01 09:13:26','$2y$10$92IXUNpkjO0rOQ5byMi.Ye4oKoEa3Ro9llC/.og/at2.uheWG/igi','+1-678-641-4225','aq9wzHPUVb','2021-10-01 09:13:26','2021-10-01 09:13:26'),(85,'Miss Princess Boehm IV','Viva Thompson','Rohan','622 Albert Spur Apt. 447\nWisokytown, WY 87811-1668','pjenkins@example.com','2021-10-01 09:13:26','$2y$10$92IXUNpkjO0rOQ5byMi.Ye4oKoEa3Ro9llC/.og/at2.uheWG/igi','1-351-646-1724','IPenTEusVa','2021-10-01 09:13:26','2021-10-01 09:13:26'),(86,'Dr. Louvenia Pollich','Sadie Boyer','Champlin','22476 Reichert Plaza\nLake Krystalberg, HI 88875','tmaggio@example.org','2021-10-01 09:13:26','$2y$10$92IXUNpkjO0rOQ5byMi.Ye4oKoEa3Ro9llC/.og/at2.uheWG/igi','+14073071300','1qIfSX0VxU','2021-10-01 09:13:26','2021-10-01 09:13:26'),(87,'Faustino Doyle','Nettie Hegmann','Jast','968 Koelpin Mountains Apt. 383\nRuthieshire, RI 03517','oaufderhar@example.com','2021-10-01 09:13:26','$2y$10$92IXUNpkjO0rOQ5byMi.Ye4oKoEa3Ro9llC/.og/at2.uheWG/igi','+1-669-755-1894','iZYMkMP6T9','2021-10-01 09:13:26','2021-10-01 09:13:26'),(88,'Arlie Senger','Dr. Destiny Ratke II','Hane','310 Hackett Mills\nSouth Arely, ND 82672-3515','walker.cale@example.org','2021-10-01 09:13:26','$2y$10$92IXUNpkjO0rOQ5byMi.Ye4oKoEa3Ro9llC/.og/at2.uheWG/igi','+1-857-854-8558','6tuUr4iHVO','2021-10-01 09:13:26','2021-10-01 09:13:26'),(89,'Maximus Larkin','Ms. Else Gerlach','Murphy','491 Winona Springs\nNew Janiceport, OH 44560-8592','phudson@example.net','2021-10-01 09:13:26','$2y$10$92IXUNpkjO0rOQ5byMi.Ye4oKoEa3Ro9llC/.og/at2.uheWG/igi','(202) 955-3112','ckSAl4CLMI','2021-10-01 09:13:26','2021-10-01 09:13:26'),(90,'Doyle Gaylord','Eva Rau','Bayer','652 Rahul Point Suite 265\nLaylaborough, MA 48234-3842','parker.reuben@example.org','2021-10-01 09:13:26','$2y$10$92IXUNpkjO0rOQ5byMi.Ye4oKoEa3Ro9llC/.og/at2.uheWG/igi','1-813-309-0547','HzsrbXHufF','2021-10-01 09:13:26','2021-10-01 09:13:26'),(91,'Easton Shields','Yvonne Cremin','Swift','587 Lang Mill\nDangelofurt, KS 82539','leffler.kenton@example.net','2021-10-01 09:13:26','$2y$10$92IXUNpkjO0rOQ5byMi.Ye4oKoEa3Ro9llC/.og/at2.uheWG/igi','(478) 969-0601','aRf8FOoiwS','2021-10-01 09:13:26','2021-10-01 09:13:26'),(92,'Miss Alexandra Swift I','Dr. Boyd Ziemann Jr.','Schuppe','358 Favian Underpass\nEast Gabriellemouth, IN 35347','uschoen@example.org','2021-10-01 09:13:26','$2y$10$92IXUNpkjO0rOQ5byMi.Ye4oKoEa3Ro9llC/.og/at2.uheWG/igi','(719) 267-7526','0HpH2faH0r','2021-10-01 09:13:26','2021-10-01 09:13:26'),(93,'Britney Hackett','Ms. Aglae Lemke II','Cremin','901 Mohr River Apt. 875\nNew Angeline, CA 40754-1304','hildegard23@example.com','2021-10-01 09:13:26','$2y$10$92IXUNpkjO0rOQ5byMi.Ye4oKoEa3Ro9llC/.og/at2.uheWG/igi','+1-940-589-6901','JBv9cBqDar','2021-10-01 09:13:26','2021-10-01 09:13:26'),(94,'Prof. Precious Rice PhD','Dedric Wolff','Schmidt','80401 Howell Curve Suite 381\nJodieview, CA 81362-5784','shanelle57@example.net','2021-10-01 09:13:26','$2y$10$92IXUNpkjO0rOQ5byMi.Ye4oKoEa3Ro9llC/.og/at2.uheWG/igi','+1-269-857-1574','EJv3mpYFc1','2021-10-01 09:13:26','2021-10-01 09:13:26'),(95,'Flavie Robel','Simeon Botsford','Torp','740 Laurel Forest\nEast Lilly, HI 57994-8997','kelsi.beier@example.com','2021-10-01 09:13:26','$2y$10$92IXUNpkjO0rOQ5byMi.Ye4oKoEa3Ro9llC/.og/at2.uheWG/igi','351.922.5152','UcPIxqczXh','2021-10-01 09:13:26','2021-10-01 09:13:26'),(96,'Kenneth Doyle','Destany Brown','Schiller','262 Malcolm Turnpike Suite 248\nGusikowskiview, KS 12709','ollie92@example.org','2021-10-01 09:13:26','$2y$10$92IXUNpkjO0rOQ5byMi.Ye4oKoEa3Ro9llC/.og/at2.uheWG/igi','+1.442.216.7981','RB6gXacIUp','2021-10-01 09:13:26','2021-10-01 09:13:26'),(97,'Dr. Armand McGlynn','Mrs. Luella Jacobi Jr.','Bechtelar','278 Judd Meadows Apt. 764\nLake Ofelia, CO 49339-9303','pollich.susanna@example.org','2021-10-01 09:13:26','$2y$10$92IXUNpkjO0rOQ5byMi.Ye4oKoEa3Ro9llC/.og/at2.uheWG/igi','661-248-2317','bmmJnl6lyV','2021-10-01 09:13:26','2021-10-01 09:13:26'),(98,'Columbus Schmitt','Gilbert Will','Kulas','53098 Hauck Junction Suite 225\nKonopelskistad, NJ 80902-3595','koelpin.pamela@example.org','2021-10-01 09:13:26','$2y$10$92IXUNpkjO0rOQ5byMi.Ye4oKoEa3Ro9llC/.og/at2.uheWG/igi','+13412488158','xqAQ0zMTI9','2021-10-01 09:13:26','2021-10-01 09:13:26'),(99,'Dr. Juliana Kuhic III','Derek Schuppe PhD','Bailey','6880 Greenfelder Route Suite 443\nLynchmouth, MT 55817','rklocko@example.net','2021-10-01 09:13:26','$2y$10$92IXUNpkjO0rOQ5byMi.Ye4oKoEa3Ro9llC/.og/at2.uheWG/igi','915-474-7264','Ehv0vYwx22','2021-10-01 09:13:26','2021-10-01 09:13:26'),(100,'Serena Boyle I','Eliane Batz','Dach','603 Kaley Bypass\nPort Rosemary, LA 40453','edwin.gutmann@example.org','2021-10-01 09:13:26','$2y$10$92IXUNpkjO0rOQ5byMi.Ye4oKoEa3Ro9llC/.og/at2.uheWG/igi','971-954-5427','XOX0l0TDhm','2021-10-01 09:13:26','2021-10-01 09:13:26'),(101,'Vivian Corwin','Mrs. Karlee Schamberger IV','Klocko','82451 Parisian Throughway Apt. 303\nSouth Margret, WA 17443','darlene58@example.com','2021-10-01 09:13:26','$2y$10$92IXUNpkjO0rOQ5byMi.Ye4oKoEa3Ro9llC/.og/at2.uheWG/igi','+1-208-288-9946','Ds46t9tKFs','2021-10-01 09:13:26','2021-10-01 09:13:26'),(102,'Mrs. Trinity Marks','Ms. Delpha Murphy PhD','Dach','44685 Kertzmann View\nErnestineview, CO 14129-1296','tate62@example.net','2021-10-01 09:13:26','$2y$10$92IXUNpkjO0rOQ5byMi.Ye4oKoEa3Ro9llC/.og/at2.uheWG/igi','+1 (385) 236-6718','q8eVVeGWVq','2021-10-01 09:13:26','2021-10-01 09:13:26');
/*!40000 ALTER TABLE `users` ENABLE KEYS */;
UNLOCK TABLES;
/*!40103 SET TIME_ZONE=@OLD_TIME_ZONE */;

/*!40101 SET SQL_MODE=@OLD_SQL_MODE */;
/*!40014 SET FOREIGN_KEY_CHECKS=@OLD_FOREIGN_KEY_CHECKS */;
/*!40014 SET UNIQUE_CHECKS=@OLD_UNIQUE_CHECKS */;
/*!40101 SET CHARACTER_SET_CLIENT=@OLD_CHARACTER_SET_CLIENT */;
/*!40101 SET CHARACTER_SET_RESULTS=@OLD_CHARACTER_SET_RESULTS */;
/*!40101 SET COLLATION_CONNECTION=@OLD_COLLATION_CONNECTION */;
/*!40111 SET SQL_NOTES=@OLD_SQL_NOTES */;

-- Dump completed on 2021-10-01 14:19:47
